Workbook

Sheet Donnees
A1: Vent | B1: Est | C1: Sud | D1: Ouest | E1: Nord | F1: ="Partie " & (ROW()-1)/4+1 -> Partie 1
A2: Nom joueur | B2: Isabelle | C2: Marc | D2: Guilhem | E2: Christophe | F2: 45903.59
A3: Mini-points | B3: 59 | C3: -58 | D3: 146 | E3: -147
A4: Points de table | B4: =4-_xlfn.RANK.AVG(B3,$B3:$E3) -> 2 | C4: =4-_xlfn.RANK.AVG(C3,$B3:$E3) -> 1 | D4: =4-_xlfn.RANK.AVG(D3,$B3:$E3) -> 3 | E4: =4-_xlfn.RANK.AVG(E3,$B3:$E3) -> 0
A5: Vent | B5: Est | C5: Sud | D5: Ouest | E5: Nord | F5: ="Partie " & (ROW()-1)/4+1 -> Partie 2
A6: Nom joueur | B6: Christophe | C6: Marc | D6: Guilhem | E6: Isabelle | F6: 45903.68
A7: Mini-points | B7: 131 | C7: -27 | D7: -17 | E7: -87
A8: Points de table | B8: =4-_xlfn.RANK.AVG(B7,$B7:$E7) -> 3 | C8: =4-_xlfn.RANK.AVG(C7,$B7:$E7) -> 1 | D8: =4-_xlfn.RANK.AVG(D7,$B7:$E7) -> 2 | E8: =4-_xlfn.RANK.AVG(E7,$B7:$E7) -> 0
A9: Vent | B9: Est | C9: Sud | D9: Ouest | E9: Nord | F9: ="Partie " & (ROW()-1)/4+1 -> Partie 3
A10: Nom joueur | B10: Raphael | C10: Marc | D10: Guilhem | E10: Christophe | F10: 45904.608
A11: Mini-points | B11: -45 | C11: -200 | D11: 63 | E11: 182
A12: Points de table | B12: =4-_xlfn.RANK.AVG(B11,$B11:$E11) -> 1 | C12: =4-_xlfn.RANK.AVG(C11,$B11:$E11) -> 0 | D12: =4-_xlfn.RANK.AVG(D11,$B11:$E11) -> 2 | E12: =4-_xlfn.RANK.AVG(E11,$B11:$E11) -> 3
A13: Vent | B13: Est | C13: Sud | D13: Ouest | E13: Nord | F13: ="Partie " & (ROW()-1)/4+1 -> Partie 4
A14: Nom joueur | B14: Christophe | C14: Marc | D14: Raphael | E14: Guilhem | F14: 45904.693
A15: Mini-points | B15: -67 | C15: 35 | D15: -99 | E15: 131
A16: Points de table | B16: =4-_xlfn.RANK.AVG(B15,$B15:$E15) -> 1 | C16: =4-_xlfn.RANK.AVG(C15,$B15:$E15) -> 2 | D16: =4-_xlfn.RANK.AVG(D15,$B15:$E15) -> 0 | E16: =4-_xlfn.RANK.AVG(E15,$B15:$E15) -> 3
A17: Vent | B17: Est | C17: Sud | D17: Ouest | E17: Nord | F17: ="Partie " & (ROW()-1)/4+1 -> Partie 5
A18: Nom joueur | B18: Delphine | C18: Isabelle | D18: Mathieu | E18: Ghislaine | F18: 45906.588
A19: Mini-points | B19: 30 | C19: 66 | D19: -84 | E19: -12
A20: Points de table | B20: =4-_xlfn.RANK.AVG(B19,$B19:$E19) -> 2 | C20: =4-_xlfn.RANK.AVG(C19,$B19:$E19) -> 3 | D20: =4-_xlfn.RANK.AVG(D19,$B19:$E19) -> 0 | E20: =4-_xlfn.RANK.AVG(E19,$B19:$E19) -> 1
A21: Vent | B21: Est | C21: Sud | D21: Ouest | E21: Nord | F21: ="Partie " & (ROW()-1)/4+1 -> Partie 6
A22: Nom joueur | B22: Francoise | C22: Marc | D22: Beatrice | E22: Sebastien | F22: 45906.589
A23: Mini-points | B23: -103 | C23: 15 | D23: -62 | E23: 150
A24: Points de table | B24: =4-_xlfn.RANK.AVG(B23,$B23:$E23) -> 0 | C24: =4-_xlfn.RANK.AVG(C23,$B23:$E23) -> 2 | D24: =4-_xlfn.RANK.AVG(D23,$B23:$E23) -> 1 | E24: =4-_xlfn.RANK.AVG(E23,$B23:$E23) -> 3
A25: Vent | B25: Est | C25: Sud | D25: Ouest | E25: Nord | F25: ="Partie " & (ROW()-1)/4+1 -> Partie 7
A26: Nom joueur | B26: Marc | C26: Raphael | D26: Guilhem | E26: Sebastien | F26: 45906.697
A27: Mini-points | B27: -235 | C27: -79 | D27: 275 | E27: 39
A28: Points de table | B28: =4-_xlfn.RANK.AVG(B27,$B27:$E27) -> 0 | C28: =4-_xlfn.RANK.AVG(C27,$B27:$E27) -> 1 | D28: =4-_xlfn.RANK.AVG(D27,$B27:$E27) -> 3 | E28: =4-_xlfn.RANK.AVG(E27,$B27:$E27) -> 2
A29: Vent | B29: Est | C29: Sud | D29: Ouest | E29: Nord | F29: ="Partie " & (ROW()-1)/4+1 -> Partie 8
A30: Nom joueur | B30: Mathieu | C30: Isabelle | D30: Francoise | E30: Christophe | F30: 45906.704
A31: Mini-points | B31: -11 | C31: 49 | D31: -55 | E31: 17
A32: Points de table | B32: =4-_xlfn.RANK.AVG(B31,$B31:$E31) -> 1 | C32: =4-_xlfn.RANK.AVG(C31,$B31:$E31) -> 3 | D32: =4-_xlfn.RANK.AVG(D31,$B31:$E31) -> 0 | E32: =4-_xlfn.RANK.AVG(E31,$B31:$E31) -> 2
A33: Vent | B33: Est | C33: Sud | D33: Ouest | E33: Nord | F33: ="Partie " & (ROW()-1)/4+1 -> Partie 9
A34: Nom joueur | B34: Binome | C34: Marie | D34: Christophe | E34: Valerie D | F34: 45906.856
A35: Mini-points | B35: 130 | C35: -150 | D35: -37 | E35: 57
A36: Points de table | B36: =4-_xlfn.RANK.AVG(B35,$B35:$E35) -> 3 | C36: =4-_xlfn.RANK.AVG(C35,$B35:$E35) -> 0 | D36: =4-_xlfn.RANK.AVG(D35,$B35:$E35) -> 1 | E36: =4-_xlfn.RANK.AVG(E35,$B35:$E35) -> 2
A37: Vent | B37: Est | C37: Sud | D37: Ouest | E37: Nord | F37: ="Partie " & (ROW()-1)/4+1 -> Partie 10
A38: Nom joueur | B38: Jean-Michel | C38: Richard | D38: Sebastien | E38: Laurence | F38: 45913.594
A39: Mini-points | B39: -98 | C39: 161 | D39: -164 | E39: 101
A40: Points de table | B40: =4-_xlfn.RANK.AVG(B39,$B39:$E39) -> 1 | C40: =4-_xlfn.RANK.AVG(C39,$B39:$E39) -> 3 | D40: =4-_xlfn.RANK.AVG(D39,$B39:$E39) -> 0 | E40: =4-_xlfn.RANK.AVG(E39,$B39:$E39) -> 2
A41: Vent | B41: Est | C41: Sud | D41: Ouest | E41: Nord | F41: ="Partie " & (ROW()-1)/4+1 -> Partie 11
A42: Nom joueur | B42: Guilhem | C42: Frederic | D42: Ghislaine | E42: Matheo | F42: 45913.59
A43: Mini-points | B43: 127 | C43: -18 | D43: 40 | E43: -149
A44: Points de table | B44: =4-_xlfn.RANK.AVG(B43,$B43:$E43) -> 3 | C44: =4-_xlfn.RANK.AVG(C43,$B43:$E43) -> 1 | D44: =4-_xlfn.RANK.AVG(D43,$B43:$E43) -> 2 | E44: =4-_xlfn.RANK.AVG(E43,$B43:$E43) -> 0
A45: Vent | B45: Est | C45: Sud | D45: Ouest | E45: Nord | F45: ="Partie " & (ROW()-1)/4+1 -> Partie 12
A46: Nom joueur | B46: Matheo | C46: Monique | D46: Christophe | E46: Isabelle | F46: 45913.696
A47: Mini-points | B47: 20 | C47: -32 | D47: -30 | E47: 42
A48: Points de table | B48: =4-_xlfn.RANK.AVG(B47,$B47:$E47) -> 2 | C48: =4-_xlfn.RANK.AVG(C47,$B47:$E47) -> 0 | D48: =4-_xlfn.RANK.AVG(D47,$B47:$E47) -> 1 | E48: =4-_xlfn.RANK.AVG(E47,$B47:$E47) -> 3
A49: Vent | B49: Est | C49: Sud | D49: Ouest | E49: Nord | F49: ="Partie " & (ROW()-1)/4+1 -> Partie 13
A50: Nom joueur | B50: Fabienne | C50: Jean-Michel | D50: Sebastien | E50: Richard | F50: 45913.693
A51: Mini-points | B51: -196 | C51: 86 | D51: 43 | E51: 67
A52: Points de table | B52: =4-_xlfn.RANK.AVG(B51,$B51:$E51) -> 0 | C52: =4-_xlfn.RANK.AVG(C51,$B51:$E51) -> 3 | D52: =4-_xlfn.RANK.AVG(D51,$B51:$E51) -> 1 | E52: =4-_xlfn.RANK.AVG(E51,$B51:$E51) -> 2
A53: Vent | B53: Est | C53: Sud | D53: Ouest | E53: Nord | F53: ="Partie " & (ROW()-1)/4+1 -> Partie 14
A54: Nom joueur | B54: Marie | C54: Isabelle | D54: Nathalie | E54: Fabienne | F54: 45913.591
A55: Mini-points | B55: 14 | C55: 178 | D55: -116 | E55: -76
A56: Points de table | B56: =4-_xlfn.RANK.AVG(B55,$B55:$E55) -> 2 | C56: =4-_xlfn.RANK.AVG(C55,$B55:$E55) -> 3 | D56: =4-_xlfn.RANK.AVG(D55,$B55:$E55) -> 0 | E56: =4-_xlfn.RANK.AVG(E55,$B55:$E55) -> 1
A57: Vent | B57: Est | C57: Sud | D57: Ouest | E57: Nord | F57: ="Partie " & (ROW()-1)/4+1 -> Partie 15
A58: Nom joueur | B58: Nathalie | C58: Raphael | D58: Binome | E58: Ghislaine | F58: 45913.696
A59: Mini-points | B59: 40 | C59: 65 | D59: -28 | E59: -77
A60: Points de table | B60: =4-_xlfn.RANK.AVG(B59,$B59:$E59) -> 2 | C60: =4-_xlfn.RANK.AVG(C59,$B59:$E59) -> 3 | D60: =4-_xlfn.RANK.AVG(D59,$B59:$E59) -> 1 | E60: =4-_xlfn.RANK.AVG(E59,$B59:$E59) -> 0
A61: Vent | B61: Est | C61: Sud | D61: Ouest | E61: Nord | F61: ="Partie " & (ROW()-1)/4+1 -> Partie 16
A62: Nom joueur | B62: Jean-Michel | C62: Marie | D62: Guilhem | E62: Christophe | F62: 45913.836
A63: Mini-points | B63: -20 | C63: 72 | D63: -4 | E63: -48
A64: Points de table | B64: =4-_xlfn.RANK.AVG(B63,$B63:$E63) -> 1 | C64: =4-_xlfn.RANK.AVG(C63,$B63:$E63) -> 3 | D64: =4-_xlfn.RANK.AVG(D63,$B63:$E63) -> 2 | E64: =4-_xlfn.RANK.AVG(E63,$B63:$E63) -> 0
A65: Vent | B65: Est | C65: Sud | D65: Ouest | E65: Nord | F65: ="Partie " & (ROW()-1)/4+1 -> Partie 17
A66: Nom joueur | B66: Laurence | C66: Delphine | D66: Anna | E66: Guilhem | F66: 45913.692
A67: Mini-points | B67: -138 | C67: 133 | D67: -49 | E67: 54
A68: Points de table | B68: =4-_xlfn.RANK.AVG(B67,$B67:$E67) -> 0 | C68: =4-_xlfn.RANK.AVG(C67,$B67:$E67) -> 3 | D68: =4-_xlfn.RANK.AVG(D67,$B67:$E67) -> 1 | E68: =4-_xlfn.RANK.AVG(E67,$B67:$E67) -> 2
A69: Vent | B69: Est | C69: Sud | D69: Ouest | E69: Nord | F69: ="Partie " & (ROW()-1)/4+1 -> Partie 18
A70: Nom joueur | B70: Frederic | C70: Laurence | D70: Valerie D | E70: Richard | F70: 45913.836
A71: Mini-points | B71: -134 | C71: -126 | D71: 203 | E71: 57
A72: Points de table | B72: =4-_xlfn.RANK.AVG(B71,$B71:$E71) -> 0 | C72: =4-_xlfn.RANK.AVG(C71,$B71:$E71) -> 1 | D72: =4-_xlfn.RANK.AVG(D71,$B71:$E71) -> 3 | E72: =4-_xlfn.RANK.AVG(E71,$B71:$E71) -> 2
A73: Vent | B73: Est | C73: Sud | D73: Ouest | E73: Nord | F73: ="Partie " & (ROW()-1)/4+1 -> Partie 19
A74: Nom joueur | B74: Marie | C74: Richard | D74: Guilhem | E74: Valerie D | F74: 45913.924
A75: Mini-points | B75: -1 | C75: 169 | D75: -123 | E75: -45
A76: Points de table | B76: =4-_xlfn.RANK.AVG(B75,$B75:$E75) -> 2 | C76: =4-_xlfn.RANK.AVG(C75,$B75:$E75) -> 3 | D76: =4-_xlfn.RANK.AVG(D75,$B75:$E75) -> 0 | E76: =4-_xlfn.RANK.AVG(E75,$B75:$E75) -> 1
A77: Vent | B77: Est | C77: Sud | D77: Ouest | E77: Nord | F77: ="Partie " & (ROW()-1)/4+1 -> Partie 20
A78: Nom joueur | B78: Laurence | C78: Christophe | D78: Jean-Michel | E78: Frederic | F78: 45913.923
A79: Mini-points | B79: -67 | C79: -94 | D79: 82 | E79: 79
A80: Points de table | B80: =4-_xlfn.RANK.AVG(B79,$B79:$E79) -> 1 | C80: =4-_xlfn.RANK.AVG(C79,$B79:$E79) -> 0 | D80: =4-_xlfn.RANK.AVG(D79,$B79:$E79) -> 3 | E80: =4-_xlfn.RANK.AVG(E79,$B79:$E79) -> 2
A81: Vent | B81: Est | C81: Sud | D81: Ouest | E81: Nord | F81: ="Partie " & (ROW()-1)/4+1 -> Partie 21
A82: Nom joueur | B82: Marc | C82: Sebastien | D82: Laurence | E82: Nathalie | F82: 45920.59
A83: Mini-points | B83: 35 | C83: -48 | D83: -36 | E83: 49
A84: Points de table | B84: =4-_xlfn.RANK.AVG(B83,$B83:$E83) -> 2 | C84: =4-_xlfn.RANK.AVG(C83,$B83:$E83) -> 0 | D84: =4-_xlfn.RANK.AVG(D83,$B83:$E83) -> 1 | E84: =4-_xlfn.RANK.AVG(E83,$B83:$E83) -> 3
A85: Vent | B85: Est | C85: Sud | D85: Ouest | E85: Nord | F85: ="Partie " & (ROW()-1)/4+1 -> Partie 22
A86: Nom joueur | B86: Xavier | C86: Matheo | D86: Guilhem | E86: Jean-Michel | F86: 45920.59
A87: Mini-points | B87: 1 | C87: -48 | D87: -11 | E87: 58
A88: Points de table | B88: =4-_xlfn.RANK.AVG(B87,$B87:$E87) -> 2 | C88: =4-_xlfn.RANK.AVG(C87,$B87:$E87) -> 0 | D88: =4-_xlfn.RANK.AVG(D87,$B87:$E87) -> 1 | E88: =4-_xlfn.RANK.AVG(E87,$B87:$E87) -> 3
A89: Vent | B89: Est | C89: Sud | D89: Ouest | E89: Nord | F89: ="Partie " & (ROW()-1)/4+1 -> Partie 23
A90: Nom joueur | B90: Matheo | C90: Ghislaine | D90: Beatrice | E90: Guilhem | F90: 45920.694
A91: Mini-points | B91: 1 | C91: -100 | D91: -127 | E91: 226
A92: Points de table | B92: =4-_xlfn.RANK.AVG(B91,$B91:$E91) -> 2 | C92: =4-_xlfn.RANK.AVG(C91,$B91:$E91) -> 1 | D92: =4-_xlfn.RANK.AVG(D91,$B91:$E91) -> 0 | E92: =4-_xlfn.RANK.AVG(E91,$B91:$E91) -> 3
A93: Vent | B93: Est | C93: Sud | D93: Ouest | E93: Nord | F93: ="Partie " & (ROW()-1)/4+1 -> Partie 24
A94: Nom joueur | B94: Raphael | C94: Nathalie | D94: Fabienne | E94: Jean-Michel | F94: 45920.834
A95: Mini-points | B95: -41 | C95: 177 | D95: -121 | E95: -15
A96: Points de table | B96: =4-_xlfn.RANK.AVG(B95,$B95:$E95) -> 1 | C96: =4-_xlfn.RANK.AVG(C95,$B95:$E95) -> 3 | D96: =4-_xlfn.RANK.AVG(D95,$B95:$E95) -> 0 | E96: =4-_xlfn.RANK.AVG(E95,$B95:$E95) -> 2
A97: Vent | B97: Est | C97: Sud | D97: Ouest | E97: Nord | F97: ="Partie " & (ROW()-1)/4+1 -> Partie 25
A98: Nom joueur | B98: Delphine | C98: Nathalie | D98: Xavier | E98: Jean-Michel | F98: 45920.693
A99: Mini-points | B99: -51 | C99: -35 | D99: -117 | E99: 203
A100: Points de table | B100: =4-_xlfn.RANK.AVG(B99,$B99:$E99) -> 1 | C100: =4-_xlfn.RANK.AVG(C99,$B99:$E99) -> 2 | D100: =4-_xlfn.RANK.AVG(D99,$B99:$E99) -> 0 | E100: =4-_xlfn.RANK.AVG(E99,$B99:$E99) -> 3
...

Sheet Check
A1: Vent | B1: Est | C1: Sud | D1: Ouest | E1: Nord | F1: =Donnees!F1 -> Partie 1 | H1: Signature : | I1: =_xlfn.TEXTJOIN(";",TRUE,B2:E3) -> Isabelle;Marc;Guilhem;Christophe;59;-58;146;-147
A2: Nom joueur | B2: Isabelle | C2: Marc | D2: Guilhem | E2: Christophe | F2: 45903.59 | H2: Check identique : | I2: {=IF(AND(Donnees!B1:F4=Check!B1:F4),"Identique","PAS IDENTIQUE")} -> Identique | J2: Check double noms : | K2: {=IF(MAX(COUNTIF(B2:E2,B2:E2)) > 1, "JOUEUR EN DOUBLE", "Pas de doublons")} -> Pas de doublons
A3: Mini-points | B3: 59 | C3: -58 | D3: 146 | E3: -147 | H3: Check doublons partie : | I3: =IF(COUNTIF(I$1:I2,I1)>1,"DOUBLON LIGNE " & MATCH(I1,I$1:I2,0),"Pas de doublons") -> Pas de doublons | J3: Check noms existants : | K3: {=IF(SUM(--(NOT(ISNUMBER(MATCH(B2:E2,'EMA points'!A:A,0))))) > 0, "NOM INEXISTANT", "Noms ok")} -> Noms ok
A4: Points de table | B4: =Donnees!B4 -> 2 | C4: =Donnees!C4 -> 1 | D4: =Donnees!D4 -> 3 | E4: =Donnees!E4 -> 0 | H4: Check score : | I4: =IF(SUM(B3:E3)=0, "Score ok", "SOMME NON NULLE") -> Score ok
A5: Vent | B5: Est | C5: Sud | D5: Ouest | E5: Nord | F5: =Donnees!F5 -> Partie 2 | H5: Signature : | I5: =_xlfn.TEXTJOIN(";",TRUE,B6:E7) -> Christophe;Marc;Guilhem;Isabelle;131;-27;-17;-87
A6: Nom joueur | B6: Christophe | C6: Marc | D6: Guilhem | E6: Isabelle | F6: 45903.68 | H6: Check identique : | I6: {=IF(AND(Donnees!B5:F8=Check!B5:F8),"Identique","PAS IDENTIQUE")} -> Identique | J6: Check double noms : | K6: {=IF(MAX(COUNTIF(B6:E6,B6:E6)) > 1, "JOUEUR EN DOUBLE", "Pas de doublons")} -> Pas de doublons
A7: Mini-points | B7: 131 | C7: -27 | D7: -17 | E7: -87 | H7: Check doublons partie : | I7: =IF(COUNTIF(I$1:I6,I5)>1,"DOUBLON LIGNE " & MATCH(I5,I$1:I6,0),"Pas de doublons") -> Pas de doublons | J7: Check noms existants : | K7: {=IF(SUM(--(NOT(ISNUMBER(MATCH(B6:E6,'EMA points'!A:A,0))))) > 0, "NOM INEXISTANT", "Noms ok")} -> Noms ok
A8: Points de table | B8: =Donnees!B8 -> 3 | C8: =Donnees!C8 -> 1 | D8: =Donnees!D8 -> 2 | E8: =Donnees!E8 -> 0 | H8: Check score : | I8: =IF(SUM(B7:E7)=0, "Score ok", "SOMME NON NULLE") -> Score ok
A9: Vent | B9: Est | C9: Sud | D9: Ouest | E9: Nord | F9: =Donnees!F9 -> Partie 3 | H9: Signature : | I9: =_xlfn.TEXTJOIN(";",TRUE,B10:E11) -> Raphael;Marc;Guilhem;Christophe;-45;-200;63;182
A10: Nom joueur | B10: Raphael | C10: Marc | D10: Guilhem | E10: Christophe | F10: 45904.608 | H10: Check identique : | I10: {=IF(AND(Donnees!B9:F12=Check!B9:F12),"Identique","PAS IDENTIQUE")} -> Identique | J10: Check double noms : | K10: {=IF(MAX(COUNTIF(B10:E10,B10:E10)) > 1, "JOUEUR EN DOUBLE", "Pas de doublons")} -> Pas de doublons
A11: Mini-points | B11: -45 | C11: -200 | D11: 63 | E11: 182 | H11: Check doublons partie : | I11: =IF(COUNTIF(I$1:I10,I9)>1,"DOUBLON LIGNE " & MATCH(I9,I$1:I10,0),"Pas de doublons") -> Pas de doublons | J11: Check noms existants : | K11: {=IF(SUM(--(NOT(ISNUMBER(MATCH(B10:E10,'EMA points'!A:A,0))))) > 0, "NOM INEXISTANT", "Noms ok")} -> Noms ok
A12: Points de table | B12: =Donnees!B12 -> 1 | C12: =Donnees!C12 -> 0 | D12: =Donnees!D12 -> 2 | E12: =Donnees!E12 -> 3 | H12: Check score : | I12: =IF(SUM(B11:E11)=0, "Score ok", "SOMME NON NULLE") -> Score ok
A13: Vent | B13: Est | C13: Sud | D13: Ouest | E13: Nord | F13: =Donnees!F13 -> Partie 4 | H13: Signature : | I13: =_xlfn.TEXTJOIN(";",TRUE,B14:E15) -> Christophe;Marc;Raphael;Guilhem;-67;35;-99;131
A14: Nom joueur | B14: Christophe | C14: Marc | D14: Raphael | E14: Guilhem | F14: 45904.693 | H14: Check identique : | I14: {=IF(AND(Donnees!B13:F16=Check!B13:F16),"Identique","PAS IDENTIQUE")} -> Identique | J14: Check double noms : | K14: {=IF(MAX(COUNTIF(B14:E14,B14:E14)) > 1, "JOUEUR EN DOUBLE", "Pas de doublons")} -> Pas de doublons
A15: Mini-points | B15: -67 | C15: 35 | D15: -99 | E15: 131 | H15: Check doublons partie : | I15: =IF(COUNTIF(I$1:I14,I13)>1,"DOUBLON LIGNE " & MATCH(I13,I$1:I14,0),"Pas de doublons") -> Pas de doublons | J15: Check noms existants : | K15: {=IF(SUM(--(NOT(ISNUMBER(MATCH(B14:E14,'EMA points'!A:A,0))))) > 0, "NOM INEXISTANT", "Noms ok")} -> Noms ok
A16: Points de table | B16: =Donnees!B16 -> 1 | C16: =Donnees!C16 -> 2 | D16: =Donnees!D16 -> 0 | E16: =Donnees!E16 -> 3 | H16: Check score : | I16: =IF(SUM(B15:E15)=0, "Score ok", "SOMME NON NULLE") -> Score ok
A17: Vent | B17: Est | C17: Sud | D17: Ouest | E17: Nord | F17: =Donnees!F17 -> Partie 5 | H17: Signature : | I17: =_xlfn.TEXTJOIN(";",TRUE,B18:E19) -> Delphine;Isabelle;Mathieu;Ghislaine;30;66;-84;-12
A18: Nom joueur | B18: Delphine | C18: Isabelle | D18: Mathieu | E18: Ghislaine | F18: 45906.588 | H18: Check identique : | I18: {=IF(AND(Donnees!B17:F20=Check!B17:F20),"Identique","PAS IDENTIQUE")} -> Identique | J18: Check double noms : | K18: {=IF(MAX(COUNTIF(B18:E18,B18:E18)) > 1, "JOUEUR EN DOUBLE", "Pas de doublons")} -> Pas de doublons
A19: Mini-points | B19: 30 | C19: 66 | D19: -84 | E19: -12 | H19: Check doublons partie : | I19: =IF(COUNTIF(I$1:I18,I17)>1,"DOUBLON LIGNE " & MATCH(I17,I$1:I18,0),"Pas de doublons") -> Pas de doublons | J19: Check noms existants : | K19: {=IF(SUM(--(NOT(ISNUMBER(MATCH(B18:E18,'EMA points'!A:A,0))))) > 0, "NOM INEXISTANT", "Noms ok")} -> Noms ok
A20: Points de table | B20: =Donnees!B20 -> 2 | C20: =Donnees!C20 -> 3 | D20: =Donnees!D20 -> 0 | E20: =Donnees!E20 -> 1 | H20: Check score : | I20: =IF(SUM(B19:E19)=0, "Score ok", "SOMME NON NULLE") -> Score ok
A21: Vent | B21: Est | C21: Sud | D21: Ouest | E21: Nord | F21: =Donnees!F21 -> Partie 6 | H21: Signature : | I21: =_xlfn.TEXTJOIN(";",TRUE,B22:E23) -> Francoise;Marc;Beatrice;Sebastien;-103;15;-62;150
A22: Nom joueur | B22: Francoise | C22: Marc | D22: Beatrice | E22: Sebastien | F22: 45906.589 | H22: Check identique : | I22: {=IF(AND(Donnees!B21:F24=Check!B21:F24),"Identique","PAS IDENTIQUE")} -> Identique | J22: Check double noms : | K22: {=IF(MAX(COUNTIF(B22:E22,B22:E22)) > 1, "JOUEUR EN DOUBLE", "Pas de doublons")} -> Pas de doublons
A23: Mini-points | B23: -103 | C23: 15 | D23: -62 | E23: 150 | H23: Check doublons partie : | I23: =IF(COUNTIF(I$1:I22,I21)>1,"DOUBLON LIGNE " & MATCH(I21,I$1:I22,0),"Pas de doublons") -> Pas de doublons | J23: Check noms existants : | K23: {=IF(SUM(--(NOT(ISNUMBER(MATCH(B22:E22,'EMA points'!A:A,0))))) > 0, "NOM INEXISTANT", "Noms ok")} -> Noms ok
A24: Points de table | B24: =Donnees!B24 -> 0 | C24: =Donnees!C24 -> 2 | D24: =Donnees!D24 -> 1 | E24: =Donnees!E24 -> 3 | H24: Check score : | I24: =IF(SUM(B23:E23)=0, "Score ok", "SOMME NON NULLE") -> Score ok
A25: Vent | B25: Est | C25: Sud | D25: Ouest | E25: Nord | F25: =Donnees!F25 -> Partie 7 | H25: Signature : | I25: =_xlfn.TEXTJOIN(";",TRUE,B26:E27) -> Marc;Raphael;Guilhem;Sebastien;-235;-79;275;39
A26: Nom joueur | B26: Marc | C26: Raphael | D26: Guilhem | E26: Sebastien | F26: 45906.697 | H26: Check identique : | I26: {=IF(AND(Donnees!B25:F28=Check!B25:F28),"Identique","PAS IDENTIQUE")} -> Identique | J26: Check double noms : | K26: {=IF(MAX(COUNTIF(B26:E26,B26:E26)) > 1, "JOUEUR EN DOUBLE", "Pas de doublons")} -> Pas de doublons
A27: Mini-points | B27: -235 | C27: -79 | D27: 275 | E27: 39 | H27: Check doublons partie : | I27: =IF(COUNTIF(I$1:I26,I25)>1,"DOUBLON LIGNE " & MATCH(I25,I$1:I26,0),"Pas de doublons") -> Pas de doublons | J27: Check noms existants : | K27: {=IF(SUM(--(NOT(ISNUMBER(MATCH(B26:E26,'EMA points'!A:A,0))))) > 0, "NOM INEXISTANT", "Noms ok")} -> Noms ok
A28: Points de table | B28: =Donnees!B28 -> 0 | C28: =Donnees!C28 -> 1 | D28: =Donnees!D28 -> 3 | E28: =Donnees!E28 -> 2 | H28: Check score : | I28: =IF(SUM(B27:E27)=0, "Score ok", "SOMME NON NULLE") -> Score ok
A29: Vent | B29: Est | C29: Sud | D29: Ouest | E29: Nord | F29: =Donnees!F29 -> Partie 8 | H29: Signature : | I29: =_xlfn.TEXTJOIN(";",TRUE,B30:E31) -> Mathieu;Isabelle;Francoise;Christophe;-11;49;-55;17
A30: Nom joueur | B30: Mathieu | C30: Isabelle | D30: Francoise | E30: Christophe | F30: 45906.704 | H30: Check identique : | I30: {=IF(AND(Donnees!B29:F32=Check!B29:F32),"Identique","PAS IDENTIQUE")} -> Identique | J30: Check double noms : | K30: {=IF(MAX(COUNTIF(B30:E30,B30:E30)) > 1, "JOUEUR EN DOUBLE", "Pas de doublons")} -> Pas de doublons
A31: Mini-points | B31: -11 | C31: 49 | D31: -55 | E31: 17 | H31: Check doublons partie : | I31: =IF(COUNTIF(I$1:I30,I29)>1,"DOUBLON LIGNE " & MATCH(I29,I$1:I30,0),"Pas de doublons") -> Pas de doublons | J31: Check noms existants : | K31: {=IF(SUM(--(NOT(ISNUMBER(MATCH(B30:E30,'EMA points'!A:A,0))))) > 0, "NOM INEXISTANT", "Noms ok")} -> Noms ok
A32: Points de table | B32: =Donnees!B32 -> 1 | C32: =Donnees!C32 -> 3 | D32: =Donnees!D32 -> 0 | E32: =Donnees!E32 -> 2 | H32: Check score : | I32: =IF(SUM(B31:E31)=0, "Score ok", "SOMME NON NULLE") -> Score ok
A33: Vent | B33: Est | C33: Sud | D33: Ouest | E33: Nord | F33: =Donnees!F33 -> Partie 9 | H33: Signature : | I33: =_xlfn.TEXTJOIN(";",TRUE,B34:E35) -> Binome;Marie;Christophe;Valerie D;130;-150;-37;57
A34: Nom joueur | B34: Binome | C34: Marie | D34: Christophe | E34: Valerie D | F34: 45906.856 | H34: Check identique : | I34: {=IF(AND(Donnees!B33:F36=Check!B33:F36),"Identique","PAS IDENTIQUE")} -> Identique | J34: Check double noms : | K34: {=IF(MAX(COUNTIF(B34:E34,B34:E34)) > 1, "JOUEUR EN DOUBLE", "Pas de doublons")} -> Pas de doublons
A35: Mini-points | B35: 130 | C35: -150 | D35: -37 | E35: 57 | H35: Check doublons partie : | I35: =IF(COUNTIF(I$1:I34,I33)>1,"DOUBLON LIGNE " & MATCH(I33,I$1:I34,0),"Pas de doublons") -> Pas de doublons | J35: Check noms existants : | K35: {=IF(SUM(--(NOT(ISNUMBER(MATCH(B34:E34,'EMA points'!A:A,0))))) > 0, "NOM INEXISTANT", "Noms ok")} -> Noms ok
A36: Points de table | B36: =Donnees!B36 -> 3 | C36: =Donnees!C36 -> 0 | D36: =Donnees!D36 -> 1 | E36: =Donnees!E36 -> 2 | H36: Check score : | I36: =IF(SUM(B35:E35)=0, "Score ok", "SOMME NON NULLE") -> Score ok
A37: Vent | B37: Est | C37: Sud | D37: Ouest | E37: Nord | F37: =Donnees!F37 -> Partie 10 | H37: Signature : | I37: =_xlfn.TEXTJOIN(";",TRUE,B38:E39) -> Jean-Michel;Richard;Sebastien;Laurence;-98;161;-164;101
A38: Nom joueur | B38: Jean-Michel | C38: Richard | D38: Sebastien | E38: Laurence | F38: 45913.594 | H38: Check identique : | I38: {=IF(AND(Donnees!B37:F40=Check!B37:F40),"Identique","PAS IDENTIQUE")} -> Identique | J38: Check double noms : | K38: {=IF(MAX(COUNTIF(B38:E38,B38:E38)) > 1, "JOUEUR EN DOUBLE", "Pas de doublons")} -> Pas de doublons
A39: Mini-points | B39: -98 | C39: 161 | D39: -164 | E39: 101 | H39: Check doublons partie : | I39: =IF(COUNTIF(I$1:I38,I37)>1,"DOUBLON LIGNE " & MATCH(I37,I$1:I38,0),"Pas de doublons") -> Pas de doublons | J39: Check noms existants : | K39: {=IF(SUM(--(NOT(ISNUMBER(MATCH(B38:E38,'EMA points'!A:A,0))))) > 0, "NOM INEXISTANT", "Noms ok")} -> Noms ok
A40: Points de table | B40: =Donnees!B40 -> 1 | C40: =Donnees!C40 -> 3 | D40: =Donnees!D40 -> 0 | E40: =Donnees!E40 -> 2 | H40: Check score : | I40: =IF(SUM(B39:E39)=0, "Score ok", "SOMME NON NULLE") -> Score ok
A41: Vent | B41: Est | C41: Sud | D41: Ouest | E41: Nord | F41: =Donnees!F41 -> Partie 11 | H41: Signature : | I41: =_xlfn.TEXTJOIN(";",TRUE,B42:E43) -> Guilhem;Frederic;Ghislaine;Matheo;127;-18;40;-149
A42: Nom joueur | B42: Guilhem | C42: Frederic | D42: Ghislaine | E42: Matheo | F42: 45913.59 | H42: Check identique : | I42: {=IF(AND(Donnees!B41:F44=Check!B41:F44),"Identique","PAS IDENTIQUE")} -> Identique | J42: Check double noms : | K42: {=IF(MAX(COUNTIF(B42:E42,B42:E42)) > 1, "JOUEUR EN DOUBLE", "Pas de doublons")} -> Pas de doublons
A43: Mini-points | B43: 127 | C43: -18 | D43: 40 | E43: -149 | H43: Check doublons partie : | I43: =IF(COUNTIF(I$1:I42,I41)>1,"DOUBLON LIGNE " & MATCH(I41,I$1:I42,0),"Pas de doublons") -> Pas de doublons | J43: Check noms existants : | K43: {=IF(SUM(--(NOT(ISNUMBER(MATCH(B42:E42,'EMA points'!A:A,0))))) > 0, "NOM INEXISTANT", "Noms ok")} -> Noms ok
A44: Points de table | B44: =Donnees!B44 -> 3 | C44: =Donnees!C44 -> 1 | D44: =Donnees!D44 -> 2 | E44: =Donnees!E44 -> 0 | H44: Check score : | I44: =IF(SUM(B43:E43)=0, "Score ok", "SOMME NON NULLE") -> Score ok
A45: Vent | B45: Est | C45: Sud | D45: Ouest | E45: Nord | F45: =Donnees!F45 -> Partie 12 | H45: Signature : | I45: =_xlfn.TEXTJOIN(";",TRUE,B46:E47) -> Matheo;Monique;Christophe;Isabelle;20;-32;-30;42
A46: Nom joueur | B46: Matheo | C46: Monique | D46: Christophe | E46: Isabelle | F46: 45913.696 | H46: Check identique : | I46: {=IF(AND(Donnees!B45:F48=Check!B45:F48),"Identique","PAS IDENTIQUE")} -> Identique | J46: Check double noms : | K46: {=IF(MAX(COUNTIF(B46:E46,B46:E46)) > 1, "JOUEUR EN DOUBLE", "Pas de doublons")} -> Pas de doublons
A47: Mini-points | B47: 20 | C47: -32 | D47: -30 | E47: 42 | H47: Check doublons partie : | I47: =IF(COUNTIF(I$1:I46,I45)>1,"DOUBLON LIGNE " & MATCH(I45,I$1:I46,0),"Pas de doublons") -> Pas de doublons | J47: Check noms existants : | K47: {=IF(SUM(--(NOT(ISNUMBER(MATCH(B46:E46,'EMA points'!A:A,0))))) > 0, "NOM INEXISTANT", "Noms ok")} -> Noms ok
A48: Points de table | B48: =Donnees!B48 -> 2 | C48: =Donnees!C48 -> 0 | D48: =Donnees!D48 -> 1 | E48: =Donnees!E48 -> 3 | H48: Check score : | I48: =IF(SUM(B47:E47)=0, "Score ok", "SOMME NON NULLE") -> Score ok
A49: Vent | B49: Est | C49: Sud | D49: Ouest | E49: Nord | F49: =Donnees!F49 -> Partie 13 | H49: Signature : | I49: =_xlfn.TEXTJOIN(";",TRUE,B50:E51) -> Fabienne;Jean-Michel;Sebastien;Richard;-196;86;43;67
A50: Nom joueur | B50: Fabienne | C50: Jean-Michel | D50: Sebastien | E50: Richard | F50: 45913.693 | H50: Check identique : | I50: {=IF(AND(Donnees!B49:F52=Check!B49:F52),"Identique","PAS IDENTIQUE")} -> Identique | J50: Check double noms : | K50: {=IF(MAX(COUNTIF(B50:E50,B50:E50)) > 1, "JOUEUR EN DOUBLE", "Pas de doublons")} -> Pas de doublons
A51: Mini-points | B51: -196 | C51: 86 | D51: 43 | E51: 67 | H51: Check doublons partie : | I51: =IF(COUNTIF(I$1:I50,I49)>1,"DOUBLON LIGNE " & MATCH(I49,I$1:I50,0),"Pas de doublons") -> Pas de doublons | J51: Check noms existants : | K51: {=IF(SUM(--(NOT(ISNUMBER(MATCH(B50:E50,'EMA points'!A:A,0))))) > 0, "NOM INEXISTANT", "Noms ok")} -> Noms ok
A52: Points de table | B52: =Donnees!B52 -> 0 | C52: =Donnees!C52 -> 3 | D52: =Donnees!D52 -> 1 | E52: =Donnees!E52 -> 2 | H52: Check score : | I52: =IF(SUM(B51:E51)=0, "Score ok", "SOMME NON NULLE") -> Score ok
A53: Vent | B53: Est | C53: Sud | D53: Ouest | E53: Nord | F53: =Donnees!F53 -> Partie 14 | H53: Signature : | I53: =_xlfn.TEXTJOIN(";",TRUE,B54:E55) -> Marie;Isabelle;Nathalie;Fabienne;14;178;-116;-76
A54: Nom joueur | B54: Marie | C54: Isabelle | D54: Nathalie | E54: Fabienne | F54: 45913.591 | H54: Check identique : | I54: {=IF(AND(Donnees!B53:F56=Check!B53:F56),"Identique","PAS IDENTIQUE")} -> Identique | J54: Check double noms : | K54: {=IF(MAX(COUNTIF(B54:E54,B54:E54)) > 1, "JOUEUR EN DOUBLE", "Pas de doublons")} -> Pas de doublons
A55: Mini-points | B55: 14 | C55: 178 | D55: -116 | E55: -76 | H55: Check doublons partie : | I55: =IF(COUNTIF(I$1:I54,I53)>1,"DOUBLON LIGNE " & MATCH(I53,I$1:I54,0),"Pas de doublons") -> Pas de doublons | J55: Check noms existants : | K55: {=IF(SUM(--(NOT(ISNUMBER(MATCH(B54:E54,'EMA points'!A:A,0))))) > 0, "NOM INEXISTANT", "Noms ok")} -> Noms ok
A56: Points de table | B56: =Donnees!B56 -> 2 | C56: =Donnees!C56 -> 3 | D56: =Donnees!D56 -> 0 | E56: =Donnees!E56 -> 1 | H56: Check score : | I56: =IF(SUM(B55:E55)=0, "Score ok", "SOMME NON NULLE") -> Score ok
A57: Vent | B57: Est | C57: Sud | D57: Ouest | E57: Nord | F57: =Donnees!F57 -> Partie 15 | H57: Signature : | I57: =_xlfn.TEXTJOIN(";",TRUE,B58:E59) -> Nathalie;Raphael;Binome;Ghislaine;40;65;-28;-77
A58: Nom joueur | B58: Nathalie | C58: Raphael | D58: Binome | E58: Ghislaine | F58: 45913.696 | H58: Check identique : | I58: {=IF(AND(Donnees!B57:F60=Check!B57:F60),"Identique","PAS IDENTIQUE")} -> Identique | J58: Check double noms : | K58: {=IF(MAX(COUNTIF(B58:E58,B58:E58)) > 1, "JOUEUR EN DOUBLE", "Pas de doublons")} -> Pas de doublons
A59: Mini-points | B59: 40 | C59: 65 | D59: -28 | E59: -77 | H59: Check doublons partie : | I59: =IF(COUNTIF(I$1:I58,I57)>1,"DOUBLON LIGNE " & MATCH(I57,I$1:I58,0),"Pas de doublons") -> Pas de doublons | J59: Check noms existants : | K59: {=IF(SUM(--(NOT(ISNUMBER(MATCH(B58:E58,'EMA points'!A:A,0))))) > 0, "NOM INEXISTANT", "Noms ok")} -> Noms ok
A60: Points de table | B60: =Donnees!B60 -> 2 | C60: =Donnees!C60 -> 3 | D60: =Donnees!D60 -> 1 | E60: =Donnees!E60 -> 0 | H60: Check score : | I60: =IF(SUM(B59:E59)=0, "Score ok", "SOMME NON NULLE") -> Score ok
A61: Vent | B61: Est | C61: Sud | D61: Ouest | E61: Nord | F61: =Donnees!F61 -> Partie 16 | H61: Signature : | I61: =_xlfn.TEXTJOIN(";",TRUE,B62:E63) -> Jean-Michel;Marie;Guilhem;Christophe;-20;72;-4;-48
A62: Nom joueur | B62: Jean-Michel | C62: Marie | D62: Guilhem | E62: Christophe | F62: 45913.836 | H62: Check identique : | I62: {=IF(AND(Donnees!B61:F64=Check!B61:F64),"Identique","PAS IDENTIQUE")} -> Identique | J62: Check double noms : | K62: {=IF(MAX(COUNTIF(B62:E62,B62:E62)) > 1, "JOUEUR EN DOUBLE", "Pas de doublons")} -> Pas de doublons
A63: Mini-points | B63: -20 | C63: 72 | D63: -4 | E63: -48 | H63: Check doublons partie : | I63: =IF(COUNTIF(I$1:I62,I61)>1,"DOUBLON LIGNE " & MATCH(I61,I$1:I62,0),"Pas de doublons") -> Pas de doublons | J63: Check noms existants : | K63: {=IF(SUM(--(NOT(ISNUMBER(MATCH(B62:E62,'EMA points'!A:A,0))))) > 0, "NOM INEXISTANT", "Noms ok")} -> Noms ok
A64: Points de table | B64: =Donnees!B64 -> 1 | C64: =Donnees!C64 -> 3 | D64: =Donnees!D64 -> 2 | E64: =Donnees!E64 -> 0 | H64: Check score : | I64: =IF(SUM(B63:E63)=0, "Score ok", "SOMME NON NULLE") -> Score ok
A65: Vent | B65: Est | C65: Sud | D65: Ouest | E65: Nord | F65: =Donnees!F65 -> Partie 17 | H65: Signature : | I65: =_xlfn.TEXTJOIN(";",TRUE,B66:E67) -> Laurence;Delphine;Anna;Guilhem;-138;133;-49;54
A66: Nom joueur | B66: Laurence | C66: Delphine | D66: Anna | E66: Guilhem | F66: 45913.692 | H66: Check identique : | I66: {=IF(AND(Donnees!B65:F68=Check!B65:F68),"Identique","PAS IDENTIQUE")} -> Identique | J66: Check double noms : | K66: {=IF(MAX(COUNTIF(B66:E66,B66:E66)) > 1, "JOUEUR EN DOUBLE", "Pas de doublons")} -> Pas de doublons
A67: Mini-points | B67: -138 | C67: 133 | D67: -49 | E67: 54 | H67: Check doublons partie : | I67: =IF(COUNTIF(I$1:I66,I65)>1,"DOUBLON LIGNE " & MATCH(I65,I$1:I66,0),"Pas de doublons") -> Pas de doublons | J67: Check noms existants : | K67: {=IF(SUM(--(NOT(ISNUMBER(MATCH(B66:E66,'EMA points'!A:A,0))))) > 0, "NOM INEXISTANT", "Noms ok")} -> Noms ok
A68: Points de table | B68: =Donnees!B68 -> 0 | C68: =Donnees!C68 -> 3 | D68: =Donnees!D68 -> 1 | E68: =Donnees!E68 -> 2 | H68: Check score : | I68: =IF(SUM(B67:E67)=0, "Score ok", "SOMME NON NULLE") -> Score ok
A69: Vent | B69: Est | C69: Sud | D69: Ouest | E69: Nord | F69: =Donnees!F69 -> Partie 18 | H69: Signature : | I69: =_xlfn.TEXTJOIN(";",TRUE,B70:E71) -> Frederic;Laurence;Valerie D;Richard;-134;-126;203;57
A70: Nom joueur | B70: Frederic | C70: Laurence | D70: Valerie D | E70: Richard | F70: 45913.836 | H70: Check identique : | I70: {=IF(AND(Donnees!B69:F72=Check!B69:F72),"Identique","PAS IDENTIQUE")} -> Identique | J70: Check double noms : | K70: {=IF(MAX(COUNTIF(B70:E70,B70:E70)) > 1, "JOUEUR EN DOUBLE", "Pas de doublons")} -> Pas de doublons
A71: Mini-points | B71: -134 | C71: -126 | D71: 203 | E71: 57 | H71: Check doublons partie : | I71: =IF(COUNTIF(I$1:I70,I69)>1,"DOUBLON LIGNE " & MATCH(I69,I$1:I70,0),"Pas de doublons") -> Pas de doublons | J71: Check noms existants : | K71: {=IF(SUM(--(NOT(ISNUMBER(MATCH(B70:E70,'EMA points'!A:A,0))))) > 0, "NOM INEXISTANT", "Noms ok")} -> Noms ok
A72: Points de table | B72: =Donnees!B72 -> 0 | C72: =Donnees!C72 -> 1 | D72: =Donnees!D72 -> 3 | E72: =Donnees!E72 -> 2 | H72: Check score : | I72: =IF(SUM(B71:E71)=0, "Score ok", "SOMME NON NULLE") -> Score ok
A73: Vent | B73: Est | C73: Sud | D73: Ouest | E73: Nord | F73: =Donnees!F73 -> Partie 19 | H73: Signature : | I73: =_xlfn.TEXTJOIN(";",TRUE,B74:E75) -> Marie;Richard;Guilhem;Valerie D;-1;169;-123;-45
A74: Nom joueur | B74: Marie | C74: Richard | D74: Guilhem | E74: Valerie D | F74: 45913.924 | H74: Check identique : | I74: {=IF(AND(Donnees!B73:F76=Check!B73:F76),"Identique","PAS IDENTIQUE")} -> Identique | J74: Check double noms : | K74: {=IF(MAX(COUNTIF(B74:E74,B74:E74)) > 1, "JOUEUR EN DOUBLE", "Pas de doublons")} -> Pas de doublons
A75: Mini-points | B75: -1 | C75: 169 | D75: -123 | E75: -45 | H75: Check doublons partie : | I75: =IF(COUNTIF(I$1:I74,I73)>1,"DOUBLON LIGNE " & MATCH(I73,I$1:I74,0),"Pas de doublons") -> Pas de doublons | J75: Check noms existants : | K75: {=IF(SUM(--(NOT(ISNUMBER(MATCH(B74:E74,'EMA points'!A:A,0))))) > 0, "NOM INEXISTANT", "Noms ok")} -> Noms ok
A76: Points de table | B76: =Donnees!B76 -> 2 | C76: =Donnees!C76 -> 3 | D76: =Donnees!D76 -> 0 | E76: =Donnees!E76 -> 1 | H76: Check score : | I76: =IF(SUM(B75:E75)=0, "Score ok", "SOMME NON NULLE") -> Score ok
A77: Vent | B77: Est | C77: Sud | D77: Ouest | E77: Nord | F77: =Donnees!F77 -> Partie 20 | H77: Signature : | I77: =_xlfn.TEXTJOIN(";",TRUE,B78:E79) -> Laurence;Christophe;Jean-Michel;Frederic;-67;-94;82;79
A78: Nom joueur | B78: Laurence | C78: Christophe | D78: Jean-Michel | E78: Frederic | F78: 45913.923 | H78: Check identique : | I78: {=IF(AND(Donnees!B77:F80=Check!B77:F80),"Identique","PAS IDENTIQUE")} -> Identique | J78: Check double noms : | K78: {=IF(MAX(COUNTIF(B78:E78,B78:E78)) > 1, "JOUEUR EN DOUBLE", "Pas de doublons")} -> Pas de doublons
A79: Mini-points | B79: -67 | C79: -94 | D79: 82 | E79: 79 | H79: Check doublons partie : | I79: =IF(COUNTIF(I$1:I78,I77)>1,"DOUBLON LIGNE " & MATCH(I77,I$1:I78,0),"Pas de doublons") -> Pas de doublons | J79: Check noms existants : | K79: {=IF(SUM(--(NOT(ISNUMBER(MATCH(B78:E78,'EMA points'!A:A,0))))) > 0, "NOM INEXISTANT", "Noms ok")} -> Noms ok
A80: Points de table | B80: =Donnees!B80 -> 1 | C80: =Donnees!C80 -> 0 | D80: =Donnees!D80 -> 3 | E80: =Donnees!E80 -> 2 | H80: Check score : | I80: =IF(SUM(B79:E79)=0, "Score ok", "SOMME NON NULLE") -> Score ok
A81: Vent | B81: Est | C81: Sud | D81: Ouest | E81: Nord | F81: =Donnees!F81 -> Partie 21 | H81: Signature : | I81: =_xlfn.TEXTJOIN(";",TRUE,B82:E83) -> Marc;Sebastien;Laurence;Nathalie;35;-48;-36;49
A82: Nom joueur | B82: Marc | C82: Sebastien | D82: Laurence | E82: Nathalie | F82: 45920.59 | H82: Check identique : | I82: {=IF(AND(Donnees!B81:F84=Check!B81:F84),"Identique","PAS IDENTIQUE")} -> Identique | J82: Check double noms : | K82: {=IF(MAX(COUNTIF(B82:E82,B82:E82)) > 1, "JOUEUR EN DOUBLE", "Pas de doublons")} -> Pas de doublons
A83: Mini-points | B83: 35 | C83: -48 | D83: -36 | E83: 49 | H83: Check doublons partie : | I83: =IF(COUNTIF(I$1:I82,I81)>1,"DOUBLON LIGNE " & MATCH(I81,I$1:I82,0),"Pas de doublons") -> Pas de doublons | J83: Check noms existants : | K83: {=IF(SUM(--(NOT(ISNUMBER(MATCH(B82:E82,'EMA points'!A:A,0))))) > 0, "NOM INEXISTANT", "Noms ok")} -> Noms ok
A84: Points de table | B84: =Donnees!B84 -> 2 | C84: =Donnees!C84 -> 0 | D84: =Donnees!D84 -> 1 | E84: =Donnees!E84 -> 3 | H84: Check score : | I84: =IF(SUM(B83:E83)=0, "Score ok", "SOMME NON NULLE") -> Score ok
A85: Vent | B85: Est | C85: Sud | D85: Ouest | E85: Nord | F85: =Donnees!F85 -> Partie 22 | H85: Signature : | I85: =_xlfn.TEXTJOIN(";",TRUE,B86:E87) -> Xavier;Matheo;Guilhem;Jean-Michel;1;-48;-11;58
A86: Nom joueur | B86: Xavier | C86: Matheo | D86: Guilhem | E86: Jean-Michel | F86: 45920.59 | H86: Check identique : | I86: {=IF(AND(Donnees!B85:F88=Check!B85:F88),"Identique","PAS IDENTIQUE")} -> Identique | J86: Check double noms : | K86: {=IF(MAX(COUNTIF(B86:E86,B86:E86)) > 1, "JOUEUR EN DOUBLE", "Pas de doublons")} -> Pas de doublons
A87: Mini-points | B87: 1 | C87: -48 | D87: -11 | E87: 58 | H87: Check doublons partie : | I87: =IF(COUNTIF(I$1:I86,I85)>1,"DOUBLON LIGNE " & MATCH(I85,I$1:I86,0),"Pas de doublons") -> Pas de doublons | J87: Check noms existants : | K87: {=IF(SUM(--(NOT(ISNUMBER(MATCH(B86:E86,'EMA points'!A:A,0))))) > 0, "NOM INEXISTANT", "Noms ok")} -> Noms ok
A88: Points de table | B88: =Donnees!B88 -> 2 | C88: =Donnees!C88 -> 0 | D88: =Donnees!D88 -> 1 | E88: =Donnees!E88 -> 3 | H88: Check score : | I88: =IF(SUM(B87:E87)=0, "Score ok", "SOMME NON NULLE") -> Score ok
A89: Vent | B89: Est | C89: Sud | D89: Ouest | E89: Nord | F89: =Donnees!F89 -> Partie 23 | H89: Signature : | I89: =_xlfn.TEXTJOIN(";",TRUE,B90:E91) -> Matheo;Ghislaine;Beatrice;Guilhem;1;-100;-127;226
A90: Nom joueur | B90: Matheo | C90: Ghislaine | D90: Beatrice | E90: Guilhem | F90: 45920.694 | H90: Check identique : | I90: {=IF(AND(Donnees!B89:F92=Check!B89:F92),"Identique","PAS IDENTIQUE")} -> Identique | J90: Check double noms : | K90: {=IF(MAX(COUNTIF(B90:E90,B90:E90)) > 1, "JOUEUR EN DOUBLE", "Pas de doublons")} -> Pas de doublons
A91: Mini-points | B91: 1 | C91: -100 | D91: -127 | E91: 226 | H91: Check doublons partie : | I91: =IF(COUNTIF(I$1:I90,I89)>1,"DOUBLON LIGNE " & MATCH(I89,I$1:I90,0),"Pas de doublons") -> Pas de doublons | J91: Check noms existants : | K91: {=IF(SUM(--(NOT(ISNUMBER(MATCH(B90:E90,'EMA points'!A:A,0))))) > 0, "NOM INEXISTANT", "Noms ok")} -> Noms ok
A92: Points de table | B92: =Donnees!B92 -> 2 | C92: =Donnees!C92 -> 1 | D92: =Donnees!D92 -> 0 | E92: =Donnees!E92 -> 3 | H92: Check score : | I92: =IF(SUM(B91:E91)=0, "Score ok", "SOMME NON NULLE") -> Score ok
A93: Vent | B93: Est | C93: Sud | D93: Ouest | E93: Nord | F93: =Donnees!F93 -> Partie 24 | H93: Signature : | I93: =_xlfn.TEXTJOIN(";",TRUE,B94:E95) -> Raphael;Nathalie;Fabienne;Jean-Michel;-41;177;-121;-15
A94: Nom joueur | B94: Raphael | C94: Nathalie | D94: Fabienne | E94: Jean-Michel | F94: 45920.834 | H94: Check identique : | I94: {=IF(AND(Donnees!B93:F96=Check!B93:F96),"Identique","PAS IDENTIQUE")} -> Identique | J94: Check double noms : | K94: {=IF(MAX(COUNTIF(B94:E94,B94:E94)) > 1, "JOUEUR EN DOUBLE", "Pas de doublons")} -> Pas de doublons
A95: Mini-points | B95: -41 | C95: 177 | D95: -121 | E95: -15 | H95: Check doublons partie : | I95: =IF(COUNTIF(I$1:I94,I93)>1,"DOUBLON LIGNE " & MATCH(I93,I$1:I94,0),"Pas de doublons") -> Pas de doublons | J95: Check noms existants : | K95: {=IF(SUM(--(NOT(ISNUMBER(MATCH(B94:E94,'EMA points'!A:A,0))))) > 0, "NOM INEXISTANT", "Noms ok")} -> Noms ok
A96: Points de table | B96: =Donnees!B96 -> 1 | C96: =Donnees!C96 -> 3 | D96: =Donnees!D96 -> 0 | E96: =Donnees!E96 -> 2 | H96: Check score : | I96: =IF(SUM(B95:E95)=0, "Score ok", "SOMME NON NULLE") -> Score ok
A97: Vent | B97: Est | C97: Sud | D97: Ouest | E97: Nord | F97: =Donnees!F97 -> Partie 25 | H97: Signature : | I97: =_xlfn.TEXTJOIN(";",TRUE,B98:E99) -> Delphine;Nathalie;Xavier;Jean-Michel;-51;-35;-117;203
A98: Nom joueur | B98: Delphine | C98: Nathalie | D98: Xavier | E98: Jean-Michel | F98: 45920.693 | H98: Check identique : | I98: {=IF(AND(Donnees!B97:F100=Check!B97:F100),"Identique","PAS IDENTIQUE")} -> Identique | J98: Check double noms : | K98: {=IF(MAX(COUNTIF(B98:E98,B98:E98)) > 1, "JOUEUR EN DOUBLE", "Pas de doublons")} -> Pas de doublons
A99: Mini-points | B99: -51 | C99: -35 | D99: -117 | E99: 203 | H99: Check doublons partie : | I99: =IF(COUNTIF(I$1:I98,I97)>1,"DOUBLON LIGNE " & MATCH(I97,I$1:I98,0),"Pas de doublons") -> Pas de doublons | J99: Check noms existants : | K99: {=IF(SUM(--(NOT(ISNUMBER(MATCH(B98:E98,'EMA points'!A:A,0))))) > 0, "NOM INEXISTANT", "Noms ok")} -> Noms ok
A100: Points de table | B100: =Donnees!B100 -> 1 | C100: =Donnees!C100 -> 2 | D100: =Donnees!D100 -> 0 | E100: =Donnees!E100 -> 3 | H100: Check score : | I100: =IF(SUM(B99:E99)=0, "Score ok", "SOMME NON NULLE") -> Score ok
...

Sheet EMA points
D1: 45901 | I1: 45931 | N1: 45962
A2: Noms | B2: Elo base | C2: EMA base | D2: Nb parties | E2: Elo | F2: Placement | G2: EMA gain | H2: EMA | I2: Nb parties | J2: Elo | K2: Placement | L2: EMA gain | M2: EMA | N2: Nb parties | O2: Elo | P2: Placement | Q2: EMA gain | R2: EMA
A3: Isabelle | B3: 980.345 | C3: 0 | D3: {=_xlfn.LET( _xlpm.dates, INDEX('Elo calculation'!$C:$C, _xlfn.SEQUENCE(COUNTA('Elo calculation'!$C:$C)-2,1,2,4)), _xlpm.pts, INDEX('Elo calculation'!$A:$ZZ, _xlfn.SEQUENCE(COUNTA('Elo calculation'!$C:$C)-2,1,3,4), MATCH($A3,'Elo calculation'!$1:$1,0)), _xlpm.nbparties, SUMPRODUCT(--(_xlpm.dates <= EOMONTH(D$1,0)), --(_xlpm.dates >= D$1), --(_xlpm.pts <> "")), _xlpm.nbparties )} -> 11 | E3: {=_xlfn.LET( _xlpm.seq, _xlfn.SEQUENCE(COUNTA('Elo calculation'!$A:$A)/4, 1, 2, 4), _xlpm.dates, INDEX('Elo calculation'!$C:$C, _xlpm.seq), _xlpm.limite, EOMONTH(D$1,0), _xlpm.ligdate, MAX(IF(_xlpm.dates <= _xlpm.limite, _xlpm.seq, 0)), _xlpm.coljoueur, MATCH($A3, 'Elo calculation'!$1:$1, 0), INDEX('Elo calculation'!$A:$ZZ, _xlpm.ligdate + 4, _xlpm.coljoueur) )} -> 1071.9165 | F3: {=_xlfn.LET( _xlpm.vals, _xlfn._xlws.FILTER(E:E, (D:D>0)*(ISNUMBER(E:E)), ""), _xlpm.nPlus, SUM(--(_xlpm.vals > E3)), _xlpm.nEgal, SUM(--(_xlpm.vals = E3)), _xlpm.res, 1 + _xlpm.nPlus + (_xlpm.nEgal - 1) / 2, IF(D3=0, "", _xlpm.res) )} -> 7 | G3: {=_xlfn.LET( _xlpm.ming, Constantes!$B$8, _xlpm.maxmma, Constantes!$B$6, _xlpm.minmma, Constantes!$B$7, _xlpm.maxp, MAX(_xlfn._xlws.FILTER(F:F, ISNUMBER(F:F))), _xlpm.place, IF(F3="", _xlpm.maxp, F3), MIN(_xlpm.ming,D3)/_xlpm.ming * ((_xlpm.maxp - _xlpm.place) / (_xlpm.maxp - 1) * (_xlpm.maxmma - _xlpm.minmma) + _xlpm.minmma) )} -> 392 | H3: =C3+G3 -> 392 | I3: {=_xlfn.LET( _xlpm.dates, INDEX('Elo calculation'!$C:$C, _xlfn.SEQUENCE(COUNTA('Elo calculation'!$C:$C)-2,1,2,4)), _xlpm.pts, INDEX('Elo calculation'!$A:$ZZ, _xlfn.SEQUENCE(COUNTA('Elo calculation'!$C:$C)-2,1,3,4), MATCH($A3,'Elo calculation'!$1:$1,0)), _xlpm.nbparties, SUMPRODUCT(--(_xlpm.dates <= EOMONTH(I$1,0)), --(_xlpm.dates >= I$1), --(_xlpm.pts <> "")), _xlpm.nbparties )} -> 10 | J3: {=_xlfn.LET( _xlpm.seq, _xlfn.SEQUENCE(COUNTA('Elo calculation'!$A:$A)/4, 1, 2, 4), _xlpm.dates, INDEX('Elo calculation'!$C:$C, _xlpm.seq), _xlpm.limite, EOMONTH(I$1,0), _xlpm.ligdate, MAX(IF(_xlpm.dates <= _xlpm.limite, _xlpm.seq, 0)), _xlpm.coljoueur, MATCH($A3, 'Elo calculation'!$1:$1, 0), INDEX('Elo calculation'!$A:$ZZ, _xlpm.ligdate + 4, _xlpm.coljoueur) )} -> 968.82938 | K3: {=_xlfn.LET( _xlpm.vals, _xlfn._xlws.FILTER(J:J, (I:I>0)*(ISNUMBER(J:J)), ""), _xlpm.nPlus, SUM(--(_xlpm.vals > J3)), _xlpm.nEgal, SUM(--(_xlpm.vals = J3)), _xlpm.res, 1 + _xlpm.nPlus + (_xlpm.nEgal - 1) / 2, IF(I3=0, "", _xlpm.res) )} -> 21 | L3: {=_xlfn.LET( _xlpm.ming, Constantes!$B$8, _xlpm.maxmma, Constantes!$B$6, _xlpm.minmma, Constantes!$B$7, _xlpm.maxp, MAX(_xlfn._xlws.FILTER(K:K, ISNUMBER(K:K))), _xlpm.place, IF(K3="", _xlpm.maxp, K3), MIN(_xlpm.ming,I3)/_xlpm.ming * ((_xlpm.maxp - _xlpm.place) / (_xlpm.maxp - 1) * (_xlpm.maxmma - _xlpm.minmma) + _xlpm.minmma) )} -> 235.29412 | M3: =H3+L3 -> 627.29412 | N3: {=_xlfn.LET( _xlpm.dates, INDEX('Elo calculation'!$C:$C, _xlfn.SEQUENCE(COUNTA('Elo calculation'!$C:$C)-2,1,2,4)), _xlpm.pts, INDEX('Elo calculation'!$A:$ZZ, _xlfn.SEQUENCE(COUNTA('Elo calculation'!$C:$C)-2,1,3,4), MATCH($A3,'Elo calculation'!$1:$1,0)), _xlpm.nbparties, SUMPRODUCT(--(_xlpm.dates <= EOMONTH(N$1,0)), --(_xlpm.dates >= N$1), --(_xlpm.pts <> "")), _xlpm.nbparties )} -> 3 | O3: {=_xlfn.LET( _xlpm.seq, _xlfn.SEQUENCE(COUNTA('Elo calculation'!$A:$A)/4, 1, 2, 4), _xlpm.dates, INDEX('Elo calculation'!$C:$C, _xlpm.seq), _xlpm.limite, EOMONTH(N$1,0), _xlpm.ligdate, MAX(IF(_xlpm.dates <= _xlpm.limite, _xlpm.seq, 0)), _xlpm.coljoueur, MATCH($A3, 'Elo calculation'!$1:$1, 0), INDEX('Elo calculation'!$A:$ZZ, _xlpm.ligdate + 4, _xlpm.coljoueur) )} -> 970.88542 | P3: {=_xlfn.LET( _xlpm.vals, _xlfn._xlws.FILTER(O:O, (N:N>0)*(ISNUMBER(O:O)), ""), _xlpm.nPlus, SUM(--(_xlpm.vals > O3)), _xlpm.nEgal, SUM(--(_xlpm.vals = O3)), _xlpm.res, 1 + _xlpm.nPlus + (_xlpm.nEgal - 1) / 2, IF(N3=0, "", _xlpm.res) )} -> 14 | Q3: {=_xlfn.LET( _xlpm.ming, Constantes!$B$8, _xlpm.maxmma, Constantes!$B$6, _xlpm.minmma, Constantes!$B$7, _xlpm.maxp, MAX(_xlfn._xlws.FILTER(P:P, ISNUMBER(P:P))), _xlpm.place, IF(P3="", _xlpm.maxp, P3), MIN(_xlpm.ming,N3)/_xlpm.ming * ((_xlpm.maxp - _xlpm.place) / (_xlpm.maxp - 1) * (_xlpm.maxmma - _xlpm.minmma) + _xlpm.minmma) )} -> 184.23913 | R3: =M3+Q3 -> 811.53325
A4: Guilhem | B4: 1083.54 | C4: 0 | D4: {=_xlfn.LET( _xlpm.dates, INDEX('Elo calculation'!$C:$C, _xlfn.SEQUENCE(COUNTA('Elo calculation'!$C:$C)-2,1,2,4)), _xlpm.pts, INDEX('Elo calculation'!$A:$ZZ, _xlfn.SEQUENCE(COUNTA('Elo calculation'!$C:$C)-2,1,3,4), MATCH($A4,'Elo calculation'!$1:$1,0)), _xlpm.nbparties, SUMPRODUCT(--(_xlpm.dates <= EOMONTH(D$1,0)), --(_xlpm.dates >= D$1), --(_xlpm.pts <> "")), _xlpm.nbparties )} -> 13 | E4: {=_xlfn.LET( _xlpm.seq, _xlfn.SEQUENCE(COUNTA('Elo calculation'!$A:$A)/4, 1, 2, 4), _xlpm.dates, INDEX('Elo calculation'!$C:$C, _xlpm.seq), _xlpm.limite, EOMONTH(D$1,0), _xlpm.ligdate, MAX(IF(_xlpm.dates <= _xlpm.limite, _xlpm.seq, 0)), _xlpm.coljoueur, MATCH($A4, 'Elo calculation'!$1:$1, 0), INDEX('Elo calculation'!$A:$ZZ, _xlpm.ligdate + 4, _xlpm.coljoueur) )} -> 1105.3751 | F4: {=_xlfn.LET( _xlpm.vals, _xlfn._xlws.FILTER(E:E, (D:D>0)*(ISNUMBER(E:E)), ""), _xlpm.nPlus, SUM(--(_xlpm.vals > E4)), _xlpm.nEgal, SUM(--(_xlpm.vals = E4)), _xlpm.res, 1 + _xlpm.nPlus + (_xlpm.nEgal - 1) / 2, IF(D4=0, "", _xlpm.res) )} -> 4 | G4: {=_xlfn.LET( _xlpm.ming, Constantes!$B$8, _xlpm.maxmma, Constantes!$B$6, _xlpm.minmma, Constantes!$B$7, _xlpm.maxp, MAX(_xlfn._xlws.FILTER(F:F, ISNUMBER(F:F))), _xlpm.place, IF(F4="", _xlpm.maxp, F4), MIN(_xlpm.ming,D4)/_xlpm.ming * ((_xlpm.maxp - _xlpm.place) / (_xlpm.maxp - 1) * (_xlpm.maxmma - _xlpm.minmma) + _xlpm.minmma) )} -> 446 | H4: =C4+G4 -> 446 | I4: {=_xlfn.LET( _xlpm.dates, INDEX('Elo calculation'!$C:$C, _xlfn.SEQUENCE(COUNTA('Elo calculation'!$C:$C)-2,1,2,4)), _xlpm.pts, INDEX('Elo calculation'!$A:$ZZ, _xlfn.SEQUENCE(COUNTA('Elo calculation'!$C:$C)-2,1,3,4), MATCH($A4,'Elo calculation'!$1:$1,0)), _xlpm.nbparties, SUMPRODUCT(--(_xlpm.dates <= EOMONTH(I$1,0)), --(_xlpm.dates >= I$1), --(_xlpm.pts <> "")), _xlpm.nbparties )} -> 11 | J4: {=_xlfn.LET( _xlpm.seq, _xlfn.SEQUENCE(COUNTA('Elo calculation'!$A:$A)/4, 1, 2, 4), _xlpm.dates, INDEX('Elo calculation'!$C:$C, _xlpm.seq), _xlpm.limite, EOMONTH(I$1,0), _xlpm.ligdate, MAX(IF(_xlpm.dates <= _xlpm.limite, _xlpm.seq, 0)), _xlpm.coljoueur, MATCH($A4, 'Elo calculation'!$1:$1, 0), INDEX('Elo calculation'!$A:$ZZ, _xlpm.ligdate + 4, _xlpm.coljoueur) )} -> 1196.4196 | K4: {=_xlfn.LET( _xlpm.vals, _xlfn._xlws.FILTER(J:J, (I:I>0)*(ISNUMBER(J:J)), ""), _xlpm.nPlus, SUM(--(_xlpm.vals > J4)), _xlpm.nEgal, SUM(--(_xlpm.vals = J4)), _xlpm.res, 1 + _xlpm.nPlus + (_xlpm.nEgal - 1) / 2, IF(I4=0, "", _xlpm.res) )} -> 1 | L4: {=_xlfn.LET( _xlpm.ming, Constantes!$B$8, _xlpm.maxmma, Constantes!$B$6, _xlpm.minmma, Constantes!$B$7, _xlpm.maxp, MAX(_xlfn._xlws.FILTER(K:K, ISNUMBER(K:K))), _xlpm.place, IF(K4="", _xlpm.maxp, K4), MIN(_xlpm.ming,I4)/_xlpm.ming * ((_xlpm.maxp - _xlpm.place) / (_xlpm.maxp - 1) * (_xlpm.maxmma - _xlpm.minmma) + _xlpm.minmma) )} -> 500 | M4: =H4+L4 -> 946 | N4: {=_xlfn.LET( _xlpm.dates, INDEX('Elo calculation'!$C:$C, _xlfn.SEQUENCE(COUNTA('Elo calculation'!$C:$C)-2,1,2,4)), _xlpm.pts, INDEX('Elo calculation'!$A:$ZZ, _xlfn.SEQUENCE(COUNTA('Elo calculation'!$C:$C)-2,1,3,4), MATCH($A4,'Elo calculation'!$1:$1,0)), _xlpm.nbparties, SUMPRODUCT(--(_xlpm.dates <= EOMONTH(N$1,0)), --(_xlpm.dates >= N$1), --(_xlpm.pts <> "")), _xlpm.nbparties )} -> 2 | O4: {=_xlfn.LET( _xlpm.seq, _xlfn.SEQUENCE(COUNTA('Elo calculation'!$A:$A)/4, 1, 2, 4), _xlpm.dates, INDEX('Elo calculation'!$C:$C, _xlpm.seq), _xlpm.limite, EOMONTH(N$1,0), _xlpm.ligdate, MAX(IF(_xlpm.dates <= _xlpm.limite, _xlpm.seq, 0)), _xlpm.coljoueur, MATCH($A4, 'Elo calculation'!$1:$1, 0), INDEX('Elo calculation'!$A:$ZZ, _xlpm.ligdate + 4, _xlpm.coljoueur) )} -> 1229.0521 | P4: {=_xlfn.LET( _xlpm.vals, _xlfn._xlws.FILTER(O:O, (N:N>0)*(ISNUMBER(O:O)), ""), _xlpm.nPlus, SUM(--(_xlpm.vals > O4)), _xlpm.nEgal, SUM(--(_xlpm.vals = O4)), _xlpm.res, 1 + _xlpm.nPlus + (_xlpm.nEgal - 1) / 2, IF(N4=0, "", _xlpm.res) )} -> 1 | Q4: {=_xlfn.LET( _xlpm.ming, Constantes!$B$8, _xlpm.maxmma, Constantes!$B$6, _xlpm.minmma, Constantes!$B$7, _xlpm.maxp, MAX(_xlfn._xlws.FILTER(P:P, ISNUMBER(P:P))), _xlpm.place, IF(P4="", _xlpm.maxp, P4), MIN(_xlpm.ming,N4)/_xlpm.ming * ((_xlpm.maxp - _xlpm.place) / (_xlpm.maxp - 1) * (_xlpm.maxmma - _xlpm.minmma) + _xlpm.minmma) )} -> 250 | R4: =M4+Q4 -> 1196
A5: Marc | B5: 903.97 | C5: 0 | D5: {=_xlfn.LET( _xlpm.dates, INDEX('Elo calculation'!$C:$C, _xlfn.SEQUENCE(COUNTA('Elo calculation'!$C:$C)-2,1,2,4)), _xlpm.pts, INDEX('Elo calculation'!$A:$ZZ, _xlfn.SEQUENCE(COUNTA('Elo calculation'!$C:$C)-2,1,3,4), MATCH($A5,'Elo calculation'!$1:$1,0)), _xlpm.nbparties, SUMPRODUCT(--(_xlpm.dates <= EOMONTH(D$1,0)), --(_xlpm.dates >= D$1), --(_xlpm.pts <> "")), _xlpm.nbparties )} -> 14 | E5: {=_xlfn.LET( _xlpm.seq, _xlfn.SEQUENCE(COUNTA('Elo calculation'!$A:$A)/4, 1, 2, 4), _xlpm.dates, INDEX('Elo calculation'!$C:$C, _xlpm.seq), _xlpm.limite, EOMONTH(D$1,0), _xlpm.ligdate, MAX(IF(_xlpm.dates <= _xlpm.limite, _xlpm.seq, 0)), _xlpm.coljoueur, MATCH($A5, 'Elo calculation'!$1:$1, 0), INDEX('Elo calculation'!$A:$ZZ, _xlpm.ligdate + 4, _xlpm.coljoueur) )} -> 839.76438 | F5: {=_xlfn.LET( _xlpm.vals, _xlfn._xlws.FILTER(E:E, (D:D>0)*(ISNUMBER(E:E)), ""), _xlpm.nPlus, SUM(--(_xlpm.vals > E5)), _xlpm.nEgal, SUM(--(_xlpm.vals = E5)), _xlpm.res, 1 + _xlpm.nPlus + (_xlpm.nEgal - 1) / 2, IF(D5=0, "", _xlpm.res) )} -> 25 | G5: {=_xlfn.LET( _xlpm.ming, Constantes!$B$8, _xlpm.maxmma, Constantes!$B$6, _xlpm.minmma, Constantes!$B$7, _xlpm.maxp, MAX(_xlfn._xlws.FILTER(F:F, ISNUMBER(F:F))), _xlpm.place, IF(F5="", _xlpm.maxp, F5), MIN(_xlpm.ming,D5)/_xlpm.ming * ((_xlpm.maxp - _xlpm.place) / (_xlpm.maxp - 1) * (_xlpm.maxmma - _xlpm.minmma) + _xlpm.minmma) )} -> 68 | H5: =C5+G5 -> 68 | I5: {=_xlfn.LET( _xlpm.dates, INDEX('Elo calculation'!$C:$C, _xlfn.SEQUENCE(COUNTA('Elo calculation'!$C:$C)-2,1,2,4)), _xlpm.pts, INDEX('Elo calculation'!$A:$ZZ, _xlfn.SEQUENCE(COUNTA('Elo calculation'!$C:$C)-2,1,3,4), MATCH($A5,'Elo calculation'!$1:$1,0)), _xlpm.nbparties, SUMPRODUCT(--(_xlpm.dates <= EOMONTH(I$1,0)), --(_xlpm.dates >= I$1), --(_xlpm.pts <> "")), _xlpm.nbparties )} -> 11 | J5: {=_xlfn.LET( _xlpm.seq, _xlfn.SEQUENCE(COUNTA('Elo calculation'!$A:$A)/4, 1, 2, 4), _xlpm.dates, INDEX('Elo calculation'!$C:$C, _xlpm.seq), _xlpm.limite, EOMONTH(I$1,0), _xlpm.ligdate, MAX(IF(_xlpm.dates <= _xlpm.limite, _xlpm.seq, 0)), _xlpm.coljoueur, MATCH($A5, 'Elo calculation'!$1:$1, 0), INDEX('Elo calculation'!$A:$ZZ, _xlpm.ligdate + 4, _xlpm.coljoueur) )} -> 911.88358 | K5: {=_xlfn.LET( _xlpm.vals, _xlfn._xlws.FILTER(J:J, (I:I>0)*(ISNUMBER(J:J)), ""), _xlpm.nPlus, SUM(--(_xlpm.vals > J5)), _xlpm.nEgal, SUM(--(_xlpm.vals = J5)), _xlpm.res, 1 + _xlpm.nPlus + (_xlpm.nEgal - 1) / 2, IF(I5=0, "", _xlpm.res) )} -> 28 | L5: {=_xlfn.LET( _xlpm.ming, Constantes!$B$8, _xlpm.maxmma, Constantes!$B$6, _xlpm.minmma, Constantes!$B$7, _xlpm.maxp, MAX(_xlfn._xlws.FILTER(K:K, ISNUMBER(K:K))), _xlpm.place, IF(K5="", _xlpm.maxp, K5), MIN(_xlpm.ming,I5)/_xlpm.ming * ((_xlpm.maxp - _xlpm.place) / (_xlpm.maxp - 1) * (_xlpm.maxmma - _xlpm.minmma) + _xlpm.minmma) )} -> 142.64706 | M5: =H5+L5 -> 210.64706 | N5: {=_xlfn.LET( _xlpm.dates, INDEX('Elo calculation'!$C:$C, _xlfn.SEQUENCE(COUNTA('Elo calculation'!$C:$C)-2,1,2,4)), _xlpm.pts, INDEX('Elo calculation'!$A:$ZZ, _xlfn.SEQUENCE(COUNTA('Elo calculation'!$C:$C)-2,1,3,4), MATCH($A5,'Elo calculation'!$1:$1,0)), _xlpm.nbparties, SUMPRODUCT(--(_xlpm.dates <= EOMONTH(N$1,0)), --(_xlpm.dates >= N$1), --(_xlpm.pts <> "")), _xlpm.nbparties )} -> 0 | O5: {=_xlfn.LET( _xlpm.seq, _xlfn.SEQUENCE(COUNTA('Elo calculation'!$A:$A)/4, 1, 2, 4), _xlpm.dates, INDEX('Elo calculation'!$C:$C, _xlpm.seq), _xlpm.limite, EOMONTH(N$1,0), _xlpm.ligdate, MAX(IF(_xlpm.dates <= _xlpm.limite, _xlpm.seq, 0)), _xlpm.coljoueur, MATCH($A5, 'Elo calculation'!$1:$1, 0), INDEX('Elo calculation'!$A:$ZZ, _xlpm.ligdate + 4, _xlpm.coljoueur) )} -> 911.88358 | P5: {=_xlfn.LET( _xlpm.vals, _xlfn._xlws.FILTER(O:O, (N:N>0)*(ISNUMBER(O:O)), ""), _xlpm.nPlus, SUM(--(_xlpm.vals > O5)), _xlpm.nEgal, SUM(--(_xlpm.vals = O5)), _xlpm.res, 1 + _xlpm.nPlus + (_xlpm.nEgal - 1) / 2, IF(N5=0, "", _xlpm.res) )} | Q5: {=_xlfn.LET( _xlpm.ming, Constantes!$B$8, _xlpm.maxmma, Constantes!$B$6, _xlpm.minmma, Constantes!$B$7, _xlpm.maxp, MAX(_xlfn._xlws.FILTER(P:P, ISNUMBER(P:P))), _xlpm.place, IF(P5="", _xlpm.maxp, P5), MIN(_xlpm.ming,N5)/_xlpm.ming * ((_xlpm.maxp - _xlpm.place) / (_xlpm.maxp - 1) * (_xlpm.maxmma - _xlpm.minmma) + _xlpm.minmma) )} -> 0 | R5: =M5+Q5 -> 210.64706
A6: Christophe | B6: 1068.34 | C6: 0 | D6: {=_xlfn.LET( _xlpm.dates, INDEX('Elo calculation'!$C:$C, _xlfn.SEQUENCE(COUNTA('Elo calculation'!$C:$C)-2,1,2,4)), _xlpm.pts, INDEX('Elo calculation'!$A:$ZZ, _xlfn.SEQUENCE(COUNTA('Elo calculation'!$C:$C)-2,1,3,4), MATCH($A6,'Elo calculation'!$1:$1,0)), _xlpm.nbparties, SUMPRODUCT(--(_xlpm.dates <= EOMONTH(D$1,0)), --(_xlpm.dates >= D$1), --(_xlpm.pts <> "")), _xlpm.nbparties )} -> 16 | E6: {=_xlfn.LET( _xlpm.seq, _xlfn.SEQUENCE(COUNTA('Elo calculation'!$A:$A)/4, 1, 2, 4), _xlpm.dates, INDEX('Elo calculation'!$C:$C, _xlpm.seq), _xlpm.limite, EOMONTH(D$1,0), _xlpm.ligdate, MAX(IF(_xlpm.dates <= _xlpm.limite, _xlpm.seq, 0)), _xlpm.coljoueur, MATCH($A6, 'Elo calculation'!$1:$1, 0), INDEX('Elo calculation'!$A:$ZZ, _xlpm.ligdate + 4, _xlpm.coljoueur) )} -> 1040.3895 | F6: {=_xlfn.LET( _xlpm.vals, _xlfn._xlws.FILTER(E:E, (D:D>0)*(ISNUMBER(E:E)), ""), _xlpm.nPlus, SUM(--(_xlpm.vals > E6)), _xlpm.nEgal, SUM(--(_xlpm.vals = E6)), _xlpm.res, 1 + _xlpm.nPlus + (_xlpm.nEgal - 1) / 2, IF(D6=0, "", _xlpm.res) )} -> 10 | G6: {=_xlfn.LET( _xlpm.ming, Constantes!$B$8, _xlpm.maxmma, Constantes!$B$6, _xlpm.minmma, Constantes!$B$7, _xlpm.maxp, MAX(_xlfn._xlws.FILTER(F:F, ISNUMBER(F:F))), _xlpm.place, IF(F6="", _xlpm.maxp, F6), MIN(_xlpm.ming,D6)/_xlpm.ming * ((_xlpm.maxp - _xlpm.place) / (_xlpm.maxp - 1) * (_xlpm.maxmma - _xlpm.minmma) + _xlpm.minmma) )} -> 338 | H6: =C6+G6 -> 338 | I6: {=_xlfn.LET( _xlpm.dates, INDEX('Elo calculation'!$C:$C, _xlfn.SEQUENCE(COUNTA('Elo calculation'!$C:$C)-2,1,2,4)), _xlpm.pts, INDEX('Elo calculation'!$A:$ZZ, _xlfn.SEQUENCE(COUNTA('Elo calculation'!$C:$C)-2,1,3,4), MATCH($A6,'Elo calculation'!$1:$1,0)), _xlpm.nbparties, SUMPRODUCT(--(_xlpm.dates <= EOMONTH(I$1,0)), --(_xlpm.dates >= I$1), --(_xlpm.pts <> "")), _xlpm.nbparties )} -> 14 | J6: {=_xlfn.LET( _xlpm.seq, _xlfn.SEQUENCE(COUNTA('Elo calculation'!$A:$A)/4, 1, 2, 4), _xlpm.dates, INDEX('Elo calculation'!$C:$C, _xlpm.seq), _xlpm.limite, EOMONTH(I$1,0), _xlpm.ligdate, MAX(IF(_xlpm.dates <= _xlpm.limite, _xlpm.seq, 0)), _xlpm.coljoueur, MATCH($A6, 'Elo calculation'!$1:$1, 0), INDEX('Elo calculation'!$A:$ZZ, _xlpm.ligdate + 4, _xlpm.coljoueur) )} -> 1061.9526 | K6: {=_xlfn.LET( _xlpm.vals, _xlfn._xlws.FILTER(J:J, (I:I>0)*(ISNUMBER(J:J)), ""), _xlpm.nPlus, SUM(--(_xlpm.vals > J6)), _xlpm.nEgal, SUM(--(_xlpm.vals = J6)), _xlpm.res, 1 + _xlpm.nPlus + (_xlpm.nEgal - 1) / 2, IF(I6=0, "", _xlpm.res) )} -> 9 | L6: {=_xlfn.LET( _xlpm.ming, Constantes!$B$8, _xlpm.maxmma, Constantes!$B$6, _xlpm.minmma, Constantes!$B$7, _xlpm.maxp, MAX(_xlfn._xlws.FILTER(K:K, ISNUMBER(K:K))), _xlpm.place, IF(K6="", _xlpm.maxp, K6), MIN(_xlpm.ming,I6)/_xlpm.ming * ((_xlpm.maxp - _xlpm.place) / (_xlpm.maxp - 1) * (_xlpm.maxmma - _xlpm.minmma) + _xlpm.minmma) )} -> 394.11765 | M6: =H6+L6 -> 732.11765 | N6: {=_xlfn.LET( _xlpm.dates, INDEX('Elo calculation'!$C:$C, _xlfn.SEQUENCE(COUNTA('Elo calculation'!$C:$C)-2,1,2,4)), _xlpm.pts, INDEX('Elo calculation'!$A:$ZZ, _xlfn.SEQUENCE(COUNTA('Elo calculation'!$C:$C)-2,1,3,4), MATCH($A6,'Elo calculation'!$1:$1,0)), _xlpm.nbparties, SUMPRODUCT(--(_xlpm.dates <= EOMONTH(N$1,0)), --(_xlpm.dates >= N$1), --(_xlpm.pts <> "")), _xlpm.nbparties )} -> 3 | O6: {=_xlfn.LET( _xlpm.seq, _xlfn.SEQUENCE(COUNTA('Elo calculation'!$A:$A)/4, 1, 2, 4), _xlpm.dates, INDEX('Elo calculation'!$C:$C, _xlpm.seq), _xlpm.limite, EOMONTH(N$1,0), _xlpm.ligdate, MAX(IF(_xlpm.dates <= _xlpm.limite, _xlpm.seq, 0)), _xlpm.coljoueur, MATCH($A6, 'Elo calculation'!$1:$1, 0), INDEX('Elo calculation'!$A:$ZZ, _xlpm.ligdate + 4, _xlpm.coljoueur) )} -> 1021.5669 | P6: {=_xlfn.LET( _xlpm.vals, _xlfn._xlws.FILTER(O:O, (N:N>0)*(ISNUMBER(O:O)), ""), _xlpm.nPlus, SUM(--(_xlpm.vals > O6)), _xlpm.nEgal, SUM(--(_xlpm.vals = O6)), _xlpm.res, 1 + _xlpm.nPlus + (_xlpm.nEgal - 1) / 2, IF(N6=0, "", _xlpm.res) )} -> 10 | Q6: {=_xlfn.LET( _xlpm.ming, Constantes!$B$8, _xlpm.maxmma, Constantes!$B$6, _xlpm.minmma, Constantes!$B$7, _xlpm.maxp, MAX(_xlfn._xlws.FILTER(P:P, ISNUMBER(P:P))), _xlpm.place, IF(P6="", _xlpm.maxp, P6), MIN(_xlpm.ming,N6)/_xlpm.ming * ((_xlpm.maxp - _xlpm.place) / (_xlpm.maxp - 1) * (_xlpm.maxmma - _xlpm.minmma) + _xlpm.minmma) )} -> 242.93478 | R6: =M6+Q6 -> 975.05243
A7: Raphael | B7: 1075.79 | C7: 0 | D7: {=_xlfn.LET( _xlpm.dates, INDEX('Elo calculation'!$C:$C, _xlfn.SEQUENCE(COUNTA('Elo calculation'!$C:$C)-2,1,2,4)), _xlpm.pts, INDEX('Elo calculation'!$A:$ZZ, _xlfn.SEQUENCE(COUNTA('Elo calculation'!$C:$C)-2,1,3,4), MATCH($A7,'Elo calculation'!$1:$1,0)), _xlpm.nbparties, SUMPRODUCT(--(_xlpm.dates <= EOMONTH(D$1,0)), --(_xlpm.dates >= D$1), --(_xlpm.pts <> "")), _xlpm.nbparties )} -> 6 | E7: {=_xlfn.LET( _xlpm.seq, _xlfn.SEQUENCE(COUNTA('Elo calculation'!$A:$A)/4, 1, 2, 4), _xlpm.dates, INDEX('Elo calculation'!$C:$C, _xlpm.seq), _xlpm.limite, EOMONTH(D$1,0), _xlpm.ligdate, MAX(IF(_xlpm.dates <= _xlpm.limite, _xlpm.seq, 0)), _xlpm.coljoueur, MATCH($A7, 'Elo calculation'!$1:$1, 0), INDEX('Elo calculation'!$A:$ZZ, _xlpm.ligdate + 4, _xlpm.coljoueur) )} -> 1043.8545 | F7: {=_xlfn.LET( _xlpm.vals, _xlfn._xlws.FILTER(E:E, (D:D>0)*(ISNUMBER(E:E)), ""), _xlpm.nPlus, SUM(--(_xlpm.vals > E7)), _xlpm.nEgal, SUM(--(_xlpm.vals = E7)), _xlpm.res, 1 + _xlpm.nPlus + (_xlpm.nEgal - 1) / 2, IF(D7=0, "", _xlpm.res) )} -> 9 | G7: {=_xlfn.LET( _xlpm.ming, Constantes!$B$8, _xlpm.maxmma, Constantes!$B$6, _xlpm.minmma, Constantes!$B$7, _xlpm.maxp, MAX(_xlfn._xlws.FILTER(F:F, ISNUMBER(F:F))), _xlpm.place, IF(F7="", _xlpm.maxp, F7), MIN(_xlpm.ming,D7)/_xlpm.ming * ((_xlpm.maxp - _xlpm.place) / (_xlpm.maxp - 1) * (_xlpm.maxmma - _xlpm.minmma) + _xlpm.minmma) )} -> 356 | H7: =C7+G7 -> 356 | I7: {=_xlfn.LET( _xlpm.dates, INDEX('Elo calculation'!$C:$C, _xlfn.SEQUENCE(COUNTA('Elo calculation'!$C:$C)-2,1,2,4)), _xlpm.pts, INDEX('Elo calculation'!$A:$ZZ, _xlfn.SEQUENCE(COUNTA('Elo calculation'!$C:$C)-2,1,3,4), MATCH($A7,'Elo calculation'!$1:$1,0)), _xlpm.nbparties, SUMPRODUCT(--(_xlpm.dates <= EOMONTH(I$1,0)), --(_xlpm.dates >= I$1), --(_xlpm.pts <> "")), _xlpm.nbparties )} -> 7 | J7: {=_xlfn.LET( _xlpm.seq, _xlfn.SEQUENCE(COUNTA('Elo calculation'!$A:$A)/4, 1, 2, 4), _xlpm.dates, INDEX('Elo calculation'!$C:$C, _xlpm.seq), _xlpm.limite, EOMONTH(I$1,0), _xlpm.ligdate, MAX(IF(_xlpm.dates <= _xlpm.limite, _xlpm.seq, 0)), _xlpm.coljoueur, MATCH($A7, 'Elo calculation'!$1:$1, 0), INDEX('Elo calculation'!$A:$ZZ, _xlpm.ligdate + 4, _xlpm.coljoueur) )} -> 1121.8561 | K7: {=_xlfn.LET( _xlpm.vals, _xlfn._xlws.FILTER(J:J, (I:I>0)*(ISNUMBER(J:J)), ""), _xlpm.nPlus, SUM(--(_xlpm.vals > J7)), _xlpm.nEgal, SUM(--(_xlpm.vals = J7)), _xlpm.res, 1 + _xlpm.nPlus + (_xlpm.nEgal - 1) / 2, IF(I7=0, "", _xlpm.res) )} -> 4 | L7: {=_xlfn.LET( _xlpm.ming, Constantes!$B$8, _xlpm.maxmma, Constantes!$B$6, _xlpm.minmma, Constantes!$B$7, _xlpm.maxp, MAX(_xlfn._xlws.FILTER(K:K, ISNUMBER(K:K))), _xlpm.place, IF(K7="", _xlpm.maxp, K7), MIN(_xlpm.ming,I7)/_xlpm.ming * ((_xlpm.maxp - _xlpm.place) / (_xlpm.maxp - 1) * (_xlpm.maxmma - _xlpm.minmma) + _xlpm.minmma) )} -> 460.29412 | M7: =H7+L7 -> 816.29412 | N7: {=_xlfn.LET( _xlpm.dates, INDEX('Elo calculation'!$C:$C, _xlfn.SEQUENCE(COUNTA('Elo calculation'!$C:$C)-2,1,2,4)), _xlpm.pts, INDEX('Elo calculation'!$A:$ZZ, _xlfn.SEQUENCE(COUNTA('Elo calculation'!$C:$C)-2,1,3,4), MATCH($A7,'Elo calculation'!$1:$1,0)), _xlpm.nbparties, SUMPRODUCT(--(_xlpm.dates <= EOMONTH(N$1,0)), --(_xlpm.dates >= N$1), --(_xlpm.pts <> "")), _xlpm.nbparties )} -> 4 | O7: {=_xlfn.LET( _xlpm.seq, _xlfn.SEQUENCE(COUNTA('Elo calculation'!$A:$A)/4, 1, 2, 4), _xlpm.dates, INDEX('Elo calculation'!$C:$C, _xlpm.seq), _xlpm.limite, EOMONTH(N$1,0), _xlpm.ligdate, MAX(IF(_xlpm.dates <= _xlpm.limite, _xlpm.seq, 0)), _xlpm.coljoueur, MATCH($A7, 'Elo calculation'!$1:$1, 0), INDEX('Elo calculation'!$A:$ZZ, _xlpm.ligdate + 4, _xlpm.coljoueur) )} -> 1117.5251 | P7: {=_xlfn.LET( _xlpm.vals, _xlfn._xlws.FILTER(O:O, (N:N>0)*(ISNUMBER(O:O)), ""), _xlpm.nPlus, SUM(--(_xlpm.vals > O7)), _xlpm.nEgal, SUM(--(_xlpm.vals = O7)), _xlpm.res, 1 + _xlpm.nPlus + (_xlpm.nEgal - 1) / 2, IF(N7=0, "", _xlpm.res) )} -> 5 | Q7: {=_xlfn.LET( _xlpm.ming, Constantes!$B$8, _xlpm.maxmma, Constantes!$B$6, _xlpm.minmma, Constantes!$B$7, _xlpm.maxp, MAX(_xlfn._xlws.FILTER(P:P, ISNUMBER(P:P))), _xlpm.place, IF(P7="", _xlpm.maxp, P7), MIN(_xlpm.ming,N7)/_xlpm.ming * ((_xlpm.maxp - _xlpm.place) / (_xlpm.maxp - 1) * (_xlpm.maxmma - _xlpm.minmma) + _xlpm.minmma) )} -> 421.73913 | R7: =M7+Q7 -> 1238.0332
A8: Delphine | B8: 1000 | C8: 0 | D8: {=_xlfn.LET( _xlpm.dates, INDEX('Elo calculation'!$C:$C, _xlfn.SEQUENCE(COUNTA('Elo calculation'!$C:$C)-2,1,2,4)), _xlpm.pts, INDEX('Elo calculation'!$A:$ZZ, _xlfn.SEQUENCE(COUNTA('Elo calculation'!$C:$C)-2,1,3,4), MATCH($A8,'Elo calculation'!$1:$1,0)), _xlpm.nbparties, SUMPRODUCT(--(_xlpm.dates <= EOMONTH(D$1,0)), --(_xlpm.dates >= D$1), --(_xlpm.pts <> "")), _xlpm.nbparties )} -> 5 | E8: {=_xlfn.LET( _xlpm.seq, _xlfn.SEQUENCE(COUNTA('Elo calculation'!$A:$A)/4, 1, 2, 4), _xlpm.dates, INDEX('Elo calculation'!$C:$C, _xlpm.seq), _xlpm.limite, EOMONTH(D$1,0), _xlpm.ligdate, MAX(IF(_xlpm.dates <= _xlpm.limite, _xlpm.seq, 0)), _xlpm.coljoueur, MATCH($A8, 'Elo calculation'!$1:$1, 0), INDEX('Elo calculation'!$A:$ZZ, _xlpm.ligdate + 4, _xlpm.coljoueur) )} -> 1084.9305 | F8: {=_xlfn.LET( _xlpm.vals, _xlfn._xlws.FILTER(E:E, (D:D>0)*(ISNUMBER(E:E)), ""), _xlpm.nPlus, SUM(--(_xlpm.vals > E8)), _xlpm.nEgal, SUM(--(_xlpm.vals = E8)), _xlpm.res, 1 + _xlpm.nPlus + (_xlpm.nEgal - 1) / 2, IF(D8=0, "", _xlpm.res) )} -> 6 | G8: {=_xlfn.LET( _xlpm.ming, Constantes!$B$8, _xlpm.maxmma, Constantes!$B$6, _xlpm.minmma, Constantes!$B$7, _xlpm.maxp, MAX(_xlfn._xlws.FILTER(F:F, ISNUMBER(F:F))), _xlpm.place, IF(F8="", _xlpm.maxp, F8), MIN(_xlpm.ming,D8)/_xlpm.ming * ((_xlpm.maxp - _xlpm.place) / (_xlpm.maxp - 1) * (_xlpm.maxmma - _xlpm.minmma) + _xlpm.minmma) )} -> 410 | H8: =C8+G8 -> 410 | I8: {=_xlfn.LET( _xlpm.dates, INDEX('Elo calculation'!$C:$C, _xlfn.SEQUENCE(COUNTA('Elo calculation'!$C:$C)-2,1,2,4)), _xlpm.pts, INDEX('Elo calculation'!$A:$ZZ, _xlfn.SEQUENCE(COUNTA('Elo calculation'!$C:$C)-2,1,3,4), MATCH($A8,'Elo calculation'!$1:$1,0)), _xlpm.nbparties, SUMPRODUCT(--(_xlpm.dates <= EOMONTH(I$1,0)), --(_xlpm.dates >= I$1), --(_xlpm.pts <> "")), _xlpm.nbparties )} -> 9 | J8: {=_xlfn.LET( _xlpm.seq, _xlfn.SEQUENCE(COUNTA('Elo calculation'!$A:$A)/4, 1, 2, 4), _xlpm.dates, INDEX('Elo calculation'!$C:$C, _xlpm.seq), _xlpm.limite, EOMONTH(I$1,0), _xlpm.ligdate, MAX(IF(_xlpm.dates <= _xlpm.limite, _xlpm.seq, 0)), _xlpm.coljoueur, MATCH($A8, 'Elo calculation'!$1:$1, 0), INDEX('Elo calculation'!$A:$ZZ, _xlpm.ligdate + 4, _xlpm.coljoueur) )} -> 912.81564 | K8: {=_xlfn.LET( _xlpm.vals, _xlfn._xlws.FILTER(J:J, (I:I>0)*(ISNUMBER(J:J)), ""), _xlpm.nPlus, SUM(--(_xlpm.vals > J8)), _xlpm.nEgal, SUM(--(_xlpm.vals = J8)), _xlpm.res, 1 + _xlpm.nPlus + (_xlpm.nEgal - 1) / 2, IF(I8=0, "", _xlpm.res) )} -> 27 | L8: {=_xlfn.LET( _xlpm.ming, Constantes!$B$8, _xlpm.maxmma, Constantes!$B$6, _xlpm.minmma, Constantes!$B$7, _xlpm.maxp, MAX(_xlfn._xlws.FILTER(K:K, ISNUMBER(K:K))), _xlpm.place, IF(K8="", _xlpm.maxp, K8), MIN(_xlpm.ming,I8)/_xlpm.ming * ((_xlpm.maxp - _xlpm.place) / (_xlpm.maxp - 1) * (_xlpm.maxmma - _xlpm.minmma) + _xlpm.minmma) )} -> 155.88235 | M8: =H8+L8 -> 565.88235 | N8: {=_xlfn.LET( _xlpm.dates, INDEX('Elo calculation'!$C:$C, _xlfn.SEQUENCE(COUNTA('Elo calculation'!$C:$C)-2,1,2,4)), _xlpm.pts, INDEX('Elo calculation'!$A:$ZZ, _xlfn.SEQUENCE(COUNTA('Elo calculation'!$C:$C)-2,1,3,4), MATCH($A8,'Elo calculation'!$1:$1,0)), _xlpm.nbparties, SUMPRODUCT(--(_xlpm.dates <= EOMONTH(N$1,0)), --(_xlpm.dates >= N$1), --(_xlpm.pts <> "")), _xlpm.nbparties )} -> 3 | O8: {=_xlfn.LET( _xlpm.seq, _xlfn.SEQUENCE(COUNTA('Elo calculation'!$A:$A)/4, 1, 2, 4), _xlpm.dates, INDEX('Elo calculation'!$C:$C, _xlpm.seq), _xlpm.limite, EOMONTH(N$1,0), _xlpm.ligdate, MAX(IF(_xlpm.dates <= _xlpm.limite, _xlpm.seq, 0)), _xlpm.coljoueur, MATCH($A8, 'Elo calculation'!$1:$1, 0), INDEX('Elo calculation'!$A:$ZZ, _xlpm.ligdate + 4, _xlpm.coljoueur) )} -> 883.37235 | P8: {=_xlfn.LET( _xlpm.vals, _xlfn._xlws.FILTER(O:O, (N:N>0)*(ISNUMBER(O:O)), ""), _xlpm.nPlus, SUM(--(_xlpm.vals > O8)), _xlpm.nEgal, SUM(--(_xlpm.vals = O8)), _xlpm.res, 1 + _xlpm.nPlus + (_xlpm.nEgal - 1) / 2, IF(N8=0, "", _xlpm.res) )} -> 21 | Q8: {=_xlfn.LET( _xlpm.ming, Constantes!$B$8, _xlpm.maxmma, Constantes!$B$6, _xlpm.minmma, Constantes!$B$7, _xlpm.maxp, MAX(_xlfn._xlws.FILTER(P:P, ISNUMBER(P:P))), _xlpm.place, IF(P8="", _xlpm.maxp, P8), MIN(_xlpm.ming,N8)/_xlpm.ming * ((_xlpm.maxp - _xlpm.place) / (_xlpm.maxp - 1) * (_xlpm.maxmma - _xlpm.minmma) + _xlpm.minmma) )} -> 81.521739 | R8: =M8+Q8 -> 647.40409
A9: Mathieu | B9: 1030.135 | C9: 0 | D9: {=_xlfn.LET( _xlpm.dates, INDEX('Elo calculation'!$C:$C, _xlfn.SEQUENCE(COUNTA('Elo calculation'!$C:$C)-2,1,2,4)), _xlpm.pts, INDEX('Elo calculation'!$A:$ZZ, _xlfn.SEQUENCE(COUNTA('Elo calculation'!$C:$C)-2,1,3,4), MATCH($A9,'Elo calculation'!$1:$1,0)), _xlpm.nbparties, SUMPRODUCT(--(_xlpm.dates <= EOMONTH(D$1,0)), --(_xlpm.dates >= D$1), --(_xlpm.pts <> "")), _xlpm.nbparties )} -> 2 | E9: {=_xlfn.LET( _xlpm.seq, _xlfn.SEQUENCE(COUNTA('Elo calculation'!$A:$A)/4, 1, 2, 4), _xlpm.dates, INDEX('Elo calculation'!$C:$C, _xlpm.seq), _xlpm.limite, EOMONTH(D$1,0), _xlpm.ligdate, MAX(IF(_xlpm.dates <= _xlpm.limite, _xlpm.seq, 0)), _xlpm.coljoueur, MATCH($A9, 'Elo calculation'!$1:$1, 0), INDEX('Elo calculation'!$A:$ZZ, _xlpm.ligdate + 4, _xlpm.coljoueur) )} -> 938.49434 | F9: {=_xlfn.LET( _xlpm.vals, _xlfn._xlws.FILTER(E:E, (D:D>0)*(ISNUMBER(E:E)), ""), _xlpm.nPlus, SUM(--(_xlpm.vals > E9)), _xlpm.nEgal, SUM(--(_xlpm.vals = E9)), _xlpm.res, 1 + _xlpm.nPlus + (_xlpm.nEgal - 1) / 2, IF(D9=0, "", _xlpm.res) )} -> 18 | G9: {=_xlfn.LET( _xlpm.ming, Constantes!$B$8, _xlpm.maxmma, Constantes!$B$6, _xlpm.minmma, Constantes!$B$7, _xlpm.maxp, MAX(_xlfn._xlws.FILTER(F:F, ISNUMBER(F:F))), _xlpm.place, IF(F9="", _xlpm.maxp, F9), MIN(_xlpm.ming,D9)/_xlpm.ming * ((_xlpm.maxp - _xlpm.place) / (_xlpm.maxp - 1) * (_xlpm.maxmma - _xlpm.minmma) + _xlpm.minmma) )} -> 97 | H9: =C9+G9 -> 97 | I9: {=_xlfn.LET( _xlpm.dates, INDEX('Elo calculation'!$C:$C, _xlfn.SEQUENCE(COUNTA('Elo calculation'!$C:$C)-2,1,2,4)), _xlpm.pts, INDEX('Elo calculation'!$A:$ZZ, _xlfn.SEQUENCE(COUNTA('Elo calculation'!$C:$C)-2,1,3,4), MATCH($A9,'Elo calculation'!$1:$1,0)), _xlpm.nbparties, SUMPRODUCT(--(_xlpm.dates <= EOMONTH(I$1,0)), --(_xlpm.dates >= I$1), --(_xlpm.pts <> "")), _xlpm.nbparties )} -> 6 | J9: {=_xlfn.LET( _xlpm.seq, _xlfn.SEQUENCE(COUNTA('Elo calculation'!$A:$A)/4, 1, 2, 4), _xlpm.dates, INDEX('Elo calculation'!$C:$C, _xlpm.seq), _xlpm.limite, EOMONTH(I$1,0), _xlpm.ligdate, MAX(IF(_xlpm.dates <= _xlpm.limite, _xlpm.seq, 0)), _xlpm.coljoueur, MATCH($A9, 'Elo calculation'!$1:$1, 0), INDEX('Elo calculation'!$A:$ZZ, _xlpm.ligdate + 4, _xlpm.coljoueur) )} -> 1032.4323 | K9: {=_xlfn.LET( _xlpm.vals, _xlfn._xlws.FILTER(J:J, (I:I>0)*(ISNUMBER(J:J)), ""), _xlpm.nPlus, SUM(--(_xlpm.vals > J9)), _xlpm.nEgal, SUM(--(_xlpm.vals = J9)), _xlpm.res, 1 + _xlpm.nPlus + (_xlpm.nEgal - 1) / 2, IF(I9=0, "", _xlpm.res) )} -> 12 | L9: {=_xlfn.LET( _xlpm.ming, Constantes!$B$8, _xlpm.maxmma, Constantes!$B$6, _xlpm.minmma, Constantes!$B$7, _xlpm.maxp, MAX(_xlfn._xlws.FILTER(K:K, ISNUMBER(K:K))), _xlpm.place, IF(K9="", _xlpm.maxp, K9), MIN(_xlpm.ming,I9)/_xlpm.ming * ((_xlpm.maxp - _xlpm.place) / (_xlpm.maxp - 1) * (_xlpm.maxmma - _xlpm.minmma) + _xlpm.minmma) )} -> 354.41176 | M9: =H9+L9 -> 451.41176 | N9: {=_xlfn.LET( _xlpm.dates, INDEX('Elo calculation'!$C:$C, _xlfn.SEQUENCE(COUNTA('Elo calculation'!$C:$C)-2,1,2,4)), _xlpm.pts, INDEX('Elo calculation'!$A:$ZZ, _xlfn.SEQUENCE(COUNTA('Elo calculation'!$C:$C)-2,1,3,4), MATCH($A9,'Elo calculation'!$1:$1,0)), _xlpm.nbparties, SUMPRODUCT(--(_xlpm.dates <= EOMONTH(N$1,0)), --(_xlpm.dates >= N$1), --(_xlpm.pts <> "")), _xlpm.nbparties )} -> 5 | O9: {=_xlfn.LET( _xlpm.seq, _xlfn.SEQUENCE(COUNTA('Elo calculation'!$A:$A)/4, 1, 2, 4), _xlpm.dates, INDEX('Elo calculation'!$C:$C, _xlpm.seq), _xlpm.limite, EOMONTH(N$1,0), _xlpm.ligdate, MAX(IF(_xlpm.dates <= _xlpm.limite, _xlpm.seq, 0)), _xlpm.coljoueur, MATCH($A9, 'Elo calculation'!$1:$1, 0), INDEX('Elo calculation'!$A:$ZZ, _xlpm.ligdate + 4, _xlpm.coljoueur) )} -> 977.4838 | P9: {=_xlfn.LET( _xlpm.vals, _xlfn._xlws.FILTER(O:O, (N:N>0)*(ISNUMBER(O:O)), ""), _xlpm.nPlus, SUM(--(_xlpm.vals > O9)), _xlpm.nEgal, SUM(--(_xlpm.vals = O9)), _xlpm.res, 1 + _xlpm.nPlus + (_xlpm.nEgal - 1) / 2, IF(N9=0, "", _xlpm.res) )} -> 13 | Q9: {=_xlfn.LET( _xlpm.ming, Constantes!$B$8, _xlpm.maxmma, Constantes!$B$6, _xlpm.minmma, Constantes!$B$7, _xlpm.maxp, MAX(_xlfn._xlws.FILTER(P:P, ISNUMBER(P:P))), _xlpm.place, IF(P9="", _xlpm.maxp, P9), MIN(_xlpm.ming,N9)/_xlpm.ming * ((_xlpm.maxp - _xlpm.place) / (_xlpm.maxp - 1) * (_xlpm.maxmma - _xlpm.minmma) + _xlpm.minmma) )} -> 265.21739 | R9: =M9+Q9 -> 716.62916
A10: Ghislaine | B10: 923.36 | C10: 0 | D10: {=_xlfn.LET( _xlpm.dates, INDEX('Elo calculation'!$C:$C, _xlfn.SEQUENCE(COUNTA('Elo calculation'!$C:$C)-2,1,2,4)), _xlpm.pts, INDEX('Elo calculation'!$A:$ZZ, _xlfn.SEQUENCE(COUNTA('Elo calculation'!$C:$C)-2,1,3,4), MATCH($A10,'Elo calculation'!$1:$1,0)), _xlpm.nbparties, SUMPRODUCT(--(_xlpm.dates <= EOMONTH(D$1,0)), --(_xlpm.dates >= D$1), --(_xlpm.pts <> "")), _xlpm.nbparties )} -> 4 | E10: {=_xlfn.LET( _xlpm.seq, _xlfn.SEQUENCE(COUNTA('Elo calculation'!$A:$A)/4, 1, 2, 4), _xlpm.dates, INDEX('Elo calculation'!$C:$C, _xlpm.seq), _xlpm.limite, EOMONTH(D$1,0), _xlpm.ligdate, MAX(IF(_xlpm.dates <= _xlpm.limite, _xlpm.seq, 0)), _xlpm.coljoueur, MATCH($A10, 'Elo calculation'!$1:$1, 0), INDEX('Elo calculation'!$A:$ZZ, _xlpm.ligdate + 4, _xlpm.coljoueur) )} -> 907.51653 | F10: {=_xlfn.LET( _xlpm.vals, _xlfn._xlws.FILTER(E:E, (D:D>0)*(ISNUMBER(E:E)), ""), _xlpm.nPlus, SUM(--(_xlpm.vals > E10)), _xlpm.nEgal, SUM(--(_xlpm.vals = E10)), _xlpm.res, 1 + _xlpm.nPlus + (_xlpm.nEgal - 1) / 2, IF(D10=0, "", _xlpm.res) )} -> 21 | G10: {=_xlfn.LET( _xlpm.ming, Constantes!$B$8, _xlpm.maxmma, Constantes!$B$6, _xlpm.minmma, Constantes!$B$7, _xlpm.maxp, MAX(_xlfn._xlws.FILTER(F:F, ISNUMBER(F:F))), _xlpm.place, IF(F10="", _xlpm.maxp, F10), MIN(_xlpm.ming,D10)/_xlpm.ming * ((_xlpm.maxp - _xlpm.place) / (_xlpm.maxp - 1) * (_xlpm.maxmma - _xlpm.minmma) + _xlpm.minmma) )} -> 140 | H10: =C10+G10 -> 140 | I10: {=_xlfn.LET( _xlpm.dates, INDEX('Elo calculation'!$C:$C, _xlfn.SEQUENCE(COUNTA('Elo calculation'!$C:$C)-2,1,2,4)), _xlpm.pts, INDEX('Elo calculation'!$A:$ZZ, _xlfn.SEQUENCE(COUNTA('Elo calculation'!$C:$C)-2,1,3,4), MATCH($A10,'Elo calculation'!$1:$1,0)), _xlpm.nbparties, SUMPRODUCT(--(_xlpm.dates <= EOMONTH(I$1,0)), --(_xlpm.dates >= I$1), --(_xlpm.pts <> "")), _xlpm.nbparties )} -> 6 | J10: {=_xlfn.LET( _xlpm.seq, _xlfn.SEQUENCE(COUNTA('Elo calculation'!$A:$A)/4, 1, 2, 4), _xlpm.dates, INDEX('Elo calculation'!$C:$C, _xlpm.seq), _xlpm.limite, EOMONTH(I$1,0), _xlpm.ligdate, MAX(IF(_xlpm.dates <= _xlpm.limite, _xlpm.seq, 0)), _xlpm.coljoueur, MATCH($A10, 'Elo calculation'!$1:$1, 0), INDEX('Elo calculation'!$A:$ZZ, _xlpm.ligdate + 4, _xlpm.coljoueur) )} -> 1076.8547 | K10: {=_xlfn.LET( _xlpm.vals, _xlfn._xlws.FILTER(J:J, (I:I>0)*(ISNUMBER(J:J)), ""), _xlpm.nPlus, SUM(--(_xlpm.vals > J10)), _xlpm.nEgal, SUM(--(_xlpm.vals = J10)), _xlpm.res, 1 + _xlpm.nPlus + (_xlpm.nEgal - 1) / 2, IF(I10=0, "", _xlpm.res) )} -> 7 | L10: {=_xlfn.LET( _xlpm.ming, Constantes!$B$8, _xlpm.maxmma, Constantes!$B$6, _xlpm.minmma, Constantes!$B$7, _xlpm.maxp, MAX(_xlfn._xlws.FILTER(K:K, ISNUMBER(K:K))), _xlpm.place, IF(K10="", _xlpm.maxp, K10), MIN(_xlpm.ming,I10)/_xlpm.ming * ((_xlpm.maxp - _xlpm.place) / (_xlpm.maxp - 1) * (_xlpm.maxmma - _xlpm.minmma) + _xlpm.minmma) )} -> 420.58824 | M10: =H10+L10 -> 560.58824 | N10: {=_xlfn.LET( _xlpm.dates, INDEX('Elo calculation'!$C:$C, _xlfn.SEQUENCE(COUNTA('Elo calculation'!$C:$C)-2,1,2,4)), _xlpm.pts, INDEX('Elo calculation'!$A:$ZZ, _xlfn.SEQUENCE(COUNTA('Elo calculation'!$C:$C)-2,1,3,4), MATCH($A10,'Elo calculation'!$1:$1,0)), _xlpm.nbparties, SUMPRODUCT(--(_xlpm.dates <= EOMONTH(N$1,0)), --(_xlpm.dates >= N$1), --(_xlpm.pts <> "")), _xlpm.nbparties )} -> 2 | O10: {=_xlfn.LET( _xlpm.seq, _xlfn.SEQUENCE(COUNTA('Elo calculation'!$A:$A)/4, 1, 2, 4), _xlpm.dates, INDEX('Elo calculation'!$C:$C, _xlpm.seq), _xlpm.limite, EOMONTH(N$1,0), _xlpm.ligdate, MAX(IF(_xlpm.dates <= _xlpm.limite, _xlpm.seq, 0)), _xlpm.coljoueur, MATCH($A10, 'Elo calculation'!$1:$1, 0), INDEX('Elo calculation'!$A:$ZZ, _xlpm.ligdate + 4, _xlpm.coljoueur) )} -> 1062.2548 | P10: {=_xlfn.LET( _xlpm.vals, _xlfn._xlws.FILTER(O:O, (N:N>0)*(ISNUMBER(O:O)), ""), _xlpm.nPlus, SUM(--(_xlpm.vals > O10)), _xlpm.nEgal, SUM(--(_xlpm.vals = O10)), _xlpm.res, 1 + _xlpm.nPlus + (_xlpm.nEgal - 1) / 2, IF(N10=0, "", _xlpm.res) )} -> 6 | Q10: {=_xlfn.LET( _xlpm.ming, Constantes!$B$8, _xlpm.maxmma, Constantes!$B$6, _xlpm.minmma, Constantes!$B$7, _xlpm.maxp, MAX(_xlfn._xlws.FILTER(P:P, ISNUMBER(P:P))), _xlpm.place, IF(P10="", _xlpm.maxp, P10), MIN(_xlpm.ming,N10)/_xlpm.ming * ((_xlpm.maxp - _xlpm.place) / (_xlpm.maxp - 1) * (_xlpm.maxmma - _xlpm.minmma) + _xlpm.minmma) )} -> 201.08696 | R10: =M10+Q10 -> 761.67519
A11: Francoise | B11: 1000 | C11: 0 | D11: {=_xlfn.LET( _xlpm.dates, INDEX('Elo calculation'!$C:$C, _xlfn.SEQUENCE(COUNTA('Elo calculation'!$C:$C)-2,1,2,4)), _xlpm.pts, INDEX('Elo calculation'!$A:$ZZ, _xlfn.SEQUENCE(COUNTA('Elo calculation'!$C:$C)-2,1,3,4), MATCH($A11,'Elo calculation'!$1:$1,0)), _xlpm.nbparties, SUMPRODUCT(--(_xlpm.dates <= EOMONTH(D$1,0)), --(_xlpm.dates >= D$1), --(_xlpm.pts <> "")), _xlpm.nbparties )} -> 5 | E11: {=_xlfn.LET( _xlpm.seq, _xlfn.SEQUENCE(COUNTA('Elo calculation'!$A:$A)/4, 1, 2, 4), _xlpm.dates, INDEX('Elo calculation'!$C:$C, _xlpm.seq), _xlpm.limite, EOMONTH(D$1,0), _xlpm.ligdate, MAX(IF(_xlpm.dates <= _xlpm.limite, _xlpm.seq, 0)), _xlpm.coljoueur, MATCH($A11, 'Elo calculation'!$1:$1, 0), INDEX('Elo calculation'!$A:$ZZ, _xlpm.ligdate + 4, _xlpm.coljoueur) )} -> 801.48943 | F11: {=_xlfn.LET( _xlpm.vals, _xlfn._xlws.FILTER(E:E, (D:D>0)*(ISNUMBER(E:E)), ""), _xlpm.nPlus, SUM(--(_xlpm.vals > E11)), _xlpm.nEgal, SUM(--(_xlpm.vals = E11)), _xlpm.res, 1 + _xlpm.nPlus + (_xlpm.nEgal - 1) / 2, IF(D11=0, "", _xlpm.res) )} -> 26 | G11: {=_xlfn.LET( _xlpm.ming, Constantes!$B$8, _xlpm.maxmma, Constantes!$B$6, _xlpm.minmma, Constantes!$B$7, _xlpm.maxp, MAX(_xlfn._xlws.FILTER(F:F, ISNUMBER(F:F))), _xlpm.place, IF(F11="", _xlpm.maxp, F11), MIN(_xlpm.ming,D11)/_xlpm.ming * ((_xlpm.maxp - _xlpm.place) / (_xlpm.maxp - 1) * (_xlpm.maxmma - _xlpm.minmma) + _xlpm.minmma) )} -> 50 | H11: =C11+G11 -> 50 | I11: {=_xlfn.LET( _xlpm.dates, INDEX('Elo calculation'!$C:$C, _xlfn.SEQUENCE(COUNTA('Elo calculation'!$C:$C)-2,1,2,4)), _xlpm.pts, INDEX('Elo calculation'!$A:$ZZ, _xlfn.SEQUENCE(COUNTA('Elo calculation'!$C:$C)-2,1,3,4), MATCH($A11,'Elo calculation'!$1:$1,0)), _xlpm.nbparties, SUMPRODUCT(--(_xlpm.dates <= EOMONTH(I$1,0)), --(_xlpm.dates >= I$1), --(_xlpm.pts <> "")), _xlpm.nbparties )} -> 4 | J11: {=_xlfn.LET( _xlpm.seq, _xlfn.SEQUENCE(COUNTA('Elo calculation'!$A:$A)/4, 1, 2, 4), _xlpm.dates, INDEX('Elo calculation'!$C:$C, _xlpm.seq), _xlpm.limite, EOMONTH(I$1,0), _xlpm.ligdate, MAX(IF(_xlpm.dates <= _xlpm.limite, _xlpm.seq, 0)), _xlpm.coljoueur, MATCH($A11, 'Elo calculation'!$1:$1, 0), INDEX('Elo calculation'!$A:$ZZ, _xlpm.ligdate + 4, _xlpm.coljoueur) )} -> 783.12422 | K11: {=_xlfn.LET( _xlpm.vals, _xlfn._xlws.FILTER(J:J, (I:I>0)*(ISNUMBER(J:J)), ""), _xlpm.nPlus, SUM(--(_xlpm.vals > J11)), _xlpm.nEgal, SUM(--(_xlpm.vals = J11)), _xlpm.res, 1 + _xlpm.nPlus + (_xlpm.nEgal - 1) / 2, IF(I11=0, "", _xlpm.res) )} -> 35 | L11: {=_xlfn.LET( _xlpm.ming, Constantes!$B$8, _xlpm.maxmma, Constantes!$B$6, _xlpm.minmma, Constantes!$B$7, _xlpm.maxp, MAX(_xlfn._xlws.FILTER(K:K, ISNUMBER(K:K))), _xlpm.place, IF(K11="", _xlpm.maxp, K11), MIN(_xlpm.ming,I11)/_xlpm.ming * ((_xlpm.maxp - _xlpm.place) / (_xlpm.maxp - 1) * (_xlpm.maxmma - _xlpm.minmma) + _xlpm.minmma) )} -> 50 | M11: =H11+L11 -> 100 | N11: {=_xlfn.LET( _xlpm.dates, INDEX('Elo calculation'!$C:$C, _xlfn.SEQUENCE(COUNTA('Elo calculation'!$C:$C)-2,1,2,4)), _xlpm.pts, INDEX('Elo calculation'!$A:$ZZ, _xlfn.SEQUENCE(COUNTA('Elo calculation'!$C:$C)-2,1,3,4), MATCH($A11,'Elo calculation'!$1:$1,0)), _xlpm.nbparties, SUMPRODUCT(--(_xlpm.dates <= EOMONTH(N$1,0)), --(_xlpm.dates >= N$1), --(_xlpm.pts <> "")), _xlpm.nbparties )} -> 2 | O11: {=_xlfn.LET( _xlpm.seq, _xlfn.SEQUENCE(COUNTA('Elo calculation'!$A:$A)/4, 1, 2, 4), _xlpm.dates, INDEX('Elo calculation'!$C:$C, _xlpm.seq), _xlpm.limite, EOMONTH(N$1,0), _xlpm.ligdate, MAX(IF(_xlpm.dates <= _xlpm.limite, _xlpm.seq, 0)), _xlpm.coljoueur, MATCH($A11, 'Elo calculation'!$1:$1, 0), INDEX('Elo calculation'!$A:$ZZ, _xlpm.ligdate + 4, _xlpm.coljoueur) )} -> 775.39796 | P11: {=_xlfn.LET( _xlpm.vals, _xlfn._xlws.FILTER(O:O, (N:N>0)*(ISNUMBER(O:O)), ""), _xlpm.nPlus, SUM(--(_xlpm.vals > O11)), _xlpm.nEgal, SUM(--(_xlpm.vals = O11)), _xlpm.res, 1 + _xlpm.nPlus + (_xlpm.nEgal - 1) / 2, IF(N11=0, "", _xlpm.res) )} -> 24 | Q11: {=_xlfn.LET( _xlpm.ming, Constantes!$B$8, _xlpm.maxmma, Constantes!$B$6, _xlpm.minmma, Constantes!$B$7, _xlpm.maxp, MAX(_xlfn._xlws.FILTER(P:P, ISNUMBER(P:P))), _xlpm.place, IF(P11="", _xlpm.maxp, P11), MIN(_xlpm.ming,N11)/_xlpm.ming * ((_xlpm.maxp - _xlpm.place) / (_xlpm.maxp - 1) * (_xlpm.maxmma - _xlpm.minmma) + _xlpm.minmma) )} -> 25 | R11: =M11+Q11 -> 125
A12: Beatrice | B12: 1000 | C12: 0 | D12: {=_xlfn.LET( _xlpm.dates, INDEX('Elo calculation'!$C:$C, _xlfn.SEQUENCE(COUNTA('Elo calculation'!$C:$C)-2,1,2,4)), _xlpm.pts, INDEX('Elo calculation'!$A:$ZZ, _xlfn.SEQUENCE(COUNTA('Elo calculation'!$C:$C)-2,1,3,4), MATCH($A12,'Elo calculation'!$1:$1,0)), _xlpm.nbparties, SUMPRODUCT(--(_xlpm.dates <= EOMONTH(D$1,0)), --(_xlpm.dates >= D$1), --(_xlpm.pts <> "")), _xlpm.nbparties )} -> 2 | E12: {=_xlfn.LET( _xlpm.seq, _xlfn.SEQUENCE(COUNTA('Elo calculation'!$A:$A)/4, 1, 2, 4), _xlpm.dates, INDEX('Elo calculation'!$C:$C, _xlpm.seq), _xlpm.limite, EOMONTH(D$1,0), _xlpm.ligdate, MAX(IF(_xlpm.dates <= _xlpm.limite, _xlpm.seq, 0)), _xlpm.coljoueur, MATCH($A12, 'Elo calculation'!$1:$1, 0), INDEX('Elo calculation'!$A:$ZZ, _xlpm.ligdate + 4, _xlpm.coljoueur) )} -> 913.41986 | F12: {=_xlfn.LET( _xlpm.vals, _xlfn._xlws.FILTER(E:E, (D:D>0)*(ISNUMBER(E:E)), ""), _xlpm.nPlus, SUM(--(_xlpm.vals > E12)), _xlpm.nEgal, SUM(--(_xlpm.vals = E12)), _xlpm.res, 1 + _xlpm.nPlus + (_xlpm.nEgal - 1) / 2, IF(D12=0, "", _xlpm.res) )} -> 20 | G12: {=_xlfn.LET( _xlpm.ming, Constantes!$B$8, _xlpm.maxmma, Constantes!$B$6, _xlpm.minmma, Constantes!$B$7, _xlpm.maxp, MAX(_xlfn._xlws.FILTER(F:F, ISNUMBER(F:F))), _xlpm.place, IF(F12="", _xlpm.maxp, F12), MIN(_xlpm.ming,D12)/_xlpm.ming * ((_xlpm.maxp - _xlpm.place) / (_xlpm.maxp - 1) * (_xlpm.maxmma - _xlpm.minmma) + _xlpm.minmma) )} -> 79 | H12: =C12+G12 -> 79 | I12: {=_xlfn.LET( _xlpm.dates, INDEX('Elo calculation'!$C:$C, _xlfn.SEQUENCE(COUNTA('Elo calculation'!$C:$C)-2,1,2,4)), _xlpm.pts, INDEX('Elo calculation'!$A:$ZZ, _xlfn.SEQUENCE(COUNTA('Elo calculation'!$C:$C)-2,1,3,4), MATCH($A12,'Elo calculation'!$1:$1,0)), _xlpm.nbparties, SUMPRODUCT(--(_xlpm.dates <= EOMONTH(I$1,0)), --(_xlpm.dates >= I$1), --(_xlpm.pts <> "")), _xlpm.nbparties )} -> 1 | J12: {=_xlfn.LET( _xlpm.seq, _xlfn.SEQUENCE(COUNTA('Elo calculation'!$A:$A)/4, 1, 2, 4), _xlpm.dates, INDEX('Elo calculation'!$C:$C, _xlpm.seq), _xlpm.limite, EOMONTH(I$1,0), _xlpm.ligdate, MAX(IF(_xlpm.dates <= _xlpm.limite, _xlpm.seq, 0)), _xlpm.coljoueur, MATCH($A12, 'Elo calculation'!$1:$1, 0), INDEX('Elo calculation'!$A:$ZZ, _xlpm.ligdate + 4, _xlpm.coljoueur) )} -> 874.31052 | K12: {=_xlfn.LET( _xlpm.vals, _xlfn._xlws.FILTER(J:J, (I:I>0)*(ISNUMBER(J:J)), ""), _xlpm.nPlus, SUM(--(_xlpm.vals > J12)), _xlpm.nEgal, SUM(--(_xlpm.vals = J12)), _xlpm.res, 1 + _xlpm.nPlus + (_xlpm.nEgal - 1) / 2, IF(I12=0, "", _xlpm.res) )} -> 33 | L12: {=_xlfn.LET( _xlpm.ming, Constantes!$B$8, _xlpm.maxmma, Constantes!$B$6, _xlpm.minmma, Constantes!$B$7, _xlpm.maxp, MAX(_xlfn._xlws.FILTER(K:K, ISNUMBER(K:K))), _xlpm.place, IF(K12="", _xlpm.maxp, K12), MIN(_xlpm.ming,I12)/_xlpm.ming * ((_xlpm.maxp - _xlpm.place) / (_xlpm.maxp - 1) * (_xlpm.maxmma - _xlpm.minmma) + _xlpm.minmma) )} -> 19.117647 | M12: =H12+L12 -> 98.117647 | N12: {=_xlfn.LET( _xlpm.dates, INDEX('Elo calculation'!$C:$C, _xlfn.SEQUENCE(COUNTA('Elo calculation'!$C:$C)-2,1,2,4)), _xlpm.pts, INDEX('Elo calculation'!$A:$ZZ, _xlfn.SEQUENCE(COUNTA('Elo calculation'!$C:$C)-2,1,3,4), MATCH($A12,'Elo calculation'!$1:$1,0)), _xlpm.nbparties, SUMPRODUCT(--(_xlpm.dates <= EOMONTH(N$1,0)), --(_xlpm.dates >= N$1), --(_xlpm.pts <> "")), _xlpm.nbparties )} -> 2 | O12: {=_xlfn.LET( _xlpm.seq, _xlfn.SEQUENCE(COUNTA('Elo calculation'!$A:$A)/4, 1, 2, 4), _xlpm.dates, INDEX('Elo calculation'!$C:$C, _xlpm.seq), _xlpm.limite, EOMONTH(N$1,0), _xlpm.ligdate, MAX(IF(_xlpm.dates <= _xlpm.limite, _xlpm.seq, 0)), _xlpm.coljoueur, MATCH($A12, 'Elo calculation'!$1:$1, 0), INDEX('Elo calculation'!$A:$ZZ, _xlpm.ligdate + 4, _xlpm.coljoueur) )} -> 927.45815 | P12: {=_xlfn.LET( _xlpm.vals, _xlfn._xlws.FILTER(O:O, (N:N>0)*(ISNUMBER(O:O)), ""), _xlpm.nPlus, SUM(--(_xlpm.vals > O12)), _xlpm.nEgal, SUM(--(_xlpm.vals = O12)), _xlpm.res, 1 + _xlpm.nPlus + (_xlpm.nEgal - 1) / 2, IF(N12=0, "", _xlpm.res) )} -> 18 | Q12: {=_xlfn.LET( _xlpm.ming, Constantes!$B$8, _xlpm.maxmma, Constantes!$B$6, _xlpm.minmma, Constantes!$B$7, _xlpm.maxp, MAX(_xlfn._xlws.FILTER(P:P, ISNUMBER(P:P))), _xlpm.place, IF(P12="", _xlpm.maxp, P12), MIN(_xlpm.ming,N12)/_xlpm.ming * ((_xlpm.maxp - _xlpm.place) / (_xlpm.maxp - 1) * (_xlpm.maxmma - _xlpm.minmma) + _xlpm.minmma) )} -> 83.695652 | R12: =M12+Q12 -> 181.8133
A13: Sebastien | B13: 884.21 | C13: 0 | D13: {=_xlfn.LET( _xlpm.dates, INDEX('Elo calculation'!$C:$C, _xlfn.SEQUENCE(COUNTA('Elo calculation'!$C:$C)-2,1,2,4)), _xlpm.pts, INDEX('Elo calculation'!$A:$ZZ, _xlfn.SEQUENCE(COUNTA('Elo calculation'!$C:$C)-2,1,3,4), MATCH($A13,'Elo calculation'!$1:$1,0)), _xlpm.nbparties, SUMPRODUCT(--(_xlpm.dates <= EOMONTH(D$1,0)), --(_xlpm.dates >= D$1), --(_xlpm.pts <> "")), _xlpm.nbparties )} -> 8 | E13: {=_xlfn.LET( _xlpm.seq, _xlfn.SEQUENCE(COUNTA('Elo calculation'!$A:$A)/4, 1, 2, 4), _xlpm.dates, INDEX('Elo calculation'!$C:$C, _xlpm.seq), _xlpm.limite, EOMONTH(D$1,0), _xlpm.ligdate, MAX(IF(_xlpm.dates <= _xlpm.limite, _xlpm.seq, 0)), _xlpm.coljoueur, MATCH($A13, 'Elo calculation'!$1:$1, 0), INDEX('Elo calculation'!$A:$ZZ, _xlpm.ligdate + 4, _xlpm.coljoueur) )} -> 907.32507 | F13: {=_xlfn.LET( _xlpm.vals, _xlfn._xlws.FILTER(E:E, (D:D>0)*(ISNUMBER(E:E)), ""), _xlpm.nPlus, SUM(--(_xlpm.vals > E13)), _xlpm.nEgal, SUM(--(_xlpm.vals = E13)), _xlpm.res, 1 + _xlpm.nPlus + (_xlpm.nEgal - 1) / 2, IF(D13=0, "", _xlpm.res) )} -> 22 | G13: {=_xlfn.LET( _xlpm.ming, Constantes!$B$8, _xlpm.maxmma, Constantes!$B$6, _xlpm.minmma, Constantes!$B$7, _xlpm.maxp, MAX(_xlfn._xlws.FILTER(F:F, ISNUMBER(F:F))), _xlpm.place, IF(F13="", _xlpm.maxp, F13), MIN(_xlpm.ming,D13)/_xlpm.ming * ((_xlpm.maxp - _xlpm.place) / (_xlpm.maxp - 1) * (_xlpm.maxmma - _xlpm.minmma) + _xlpm.minmma) )} -> 122 | H13: =C13+G13 -> 122 | I13: {=_xlfn.LET( _xlpm.dates, INDEX('Elo calculation'!$C:$C, _xlfn.SEQUENCE(COUNTA('Elo calculation'!$C:$C)-2,1,2,4)), _xlpm.pts, INDEX('Elo calculation'!$A:$ZZ, _xlfn.SEQUENCE(COUNTA('Elo calculation'!$C:$C)-2,1,3,4), MATCH($A13,'Elo calculation'!$1:$1,0)), _xlpm.nbparties, SUMPRODUCT(--(_xlpm.dates <= EOMONTH(I$1,0)), --(_xlpm.dates >= I$1), --(_xlpm.pts <> "")), _xlpm.nbparties )} -> 7 | J13: {=_xlfn.LET( _xlpm.seq, _xlfn.SEQUENCE(COUNTA('Elo calculation'!$A:$A)/4, 1, 2, 4), _xlpm.dates, INDEX('Elo calculation'!$C:$C, _xlpm.seq), _xlpm.limite, EOMONTH(I$1,0), _xlpm.ligdate, MAX(IF(_xlpm.dates <= _xlpm.limite, _xlpm.seq, 0)), _xlpm.coljoueur, MATCH($A13, 'Elo calculation'!$1:$1, 0), INDEX('Elo calculation'!$A:$ZZ, _xlpm.ligdate + 4, _xlpm.coljoueur) )} -> 899.98371 | K13: {=_xlfn.LET( _xlpm.vals, _xlfn._xlws.FILTER(J:J, (I:I>0)*(ISNUMBER(J:J)), ""), _xlpm.nPlus, SUM(--(_xlpm.vals > J13)), _xlpm.nEgal, SUM(--(_xlpm.vals = J13)), _xlpm.res, 1 + _xlpm.nPlus + (_xlpm.nEgal - 1) / 2, IF(I13=0, "", _xlpm.res) )} -> 31 | L13: {=_xlfn.LET( _xlpm.ming, Constantes!$B$8, _xlpm.maxmma, Constantes!$B$6, _xlpm.minmma, Constantes!$B$7, _xlpm.maxp, MAX(_xlfn._xlws.FILTER(K:K, ISNUMBER(K:K))), _xlpm.place, IF(K13="", _xlpm.maxp, K13), MIN(_xlpm.ming,I13)/_xlpm.ming * ((_xlpm.maxp - _xlpm.place) / (_xlpm.maxp - 1) * (_xlpm.maxmma - _xlpm.minmma) + _xlpm.minmma) )} -> 102.94118 | M13: =H13+L13 -> 224.94118 | N13: {=_xlfn.LET( _xlpm.dates, INDEX('Elo calculation'!$C:$C, _xlfn.SEQUENCE(COUNTA('Elo calculation'!$C:$C)-2,1,2,4)), _xlpm.pts, INDEX('Elo calculation'!$A:$ZZ, _xlfn.SEQUENCE(COUNTA('Elo calculation'!$C:$C)-2,1,3,4), MATCH($A13,'Elo calculation'!$1:$1,0)), _xlpm.nbparties, SUMPRODUCT(--(_xlpm.dates <= EOMONTH(N$1,0)), --(_xlpm.dates >= N$1), --(_xlpm.pts <> "")), _xlpm.nbparties )} -> 1 | O13: {=_xlfn.LET( _xlpm.seq, _xlfn.SEQUENCE(COUNTA('Elo calculation'!$A:$A)/4, 1, 2, 4), _xlpm.dates, INDEX('Elo calculation'!$C:$C, _xlpm.seq), _xlpm.limite, EOMONTH(N$1,0), _xlpm.ligdate, MAX(IF(_xlpm.dates <= _xlpm.limite, _xlpm.seq, 0)), _xlpm.coljoueur, MATCH($A13, 'Elo calculation'!$1:$1, 0), INDEX('Elo calculation'!$A:$ZZ, _xlpm.ligdate + 4, _xlpm.coljoueur) )} -> 878.15154 | P13: {=_xlfn.LET( _xlpm.vals, _xlfn._xlws.FILTER(O:O, (N:N>0)*(ISNUMBER(O:O)), ""), _xlpm.nPlus, SUM(--(_xlpm.vals > O13)), _xlpm.nEgal, SUM(--(_xlpm.vals = O13)), _xlpm.res, 1 + _xlpm.nPlus + (_xlpm.nEgal - 1) / 2, IF(N13=0, "", _xlpm.res) )} -> 22 | Q13: {=_xlfn.LET( _xlpm.ming, Constantes!$B$8, _xlpm.maxmma, Constantes!$B$6, _xlpm.minmma, Constantes!$B$7, _xlpm.maxp, MAX(_xlfn._xlws.FILTER(P:P, ISNUMBER(P:P))), _xlpm.place, IF(P13="", _xlpm.maxp, P13), MIN(_xlpm.ming,N13)/_xlpm.ming * ((_xlpm.maxp - _xlpm.place) / (_xlpm.maxp - 1) * (_xlpm.maxmma - _xlpm.minmma) + _xlpm.minmma) )} -> 22.282609 | R13: =M13+Q13 -> 247.22379
A14: Binome | B14: 1000 | C14: 0 | D14: {=_xlfn.LET( _xlpm.dates, INDEX('Elo calculation'!$C:$C, _xlfn.SEQUENCE(COUNTA('Elo calculation'!$C:$C)-2,1,2,4)), _xlpm.pts, INDEX('Elo calculation'!$A:$ZZ, _xlfn.SEQUENCE(COUNTA('Elo calculation'!$C:$C)-2,1,3,4), MATCH($A14,'Elo calculation'!$1:$1,0)), _xlpm.nbparties, SUMPRODUCT(--(_xlpm.dates <= EOMONTH(D$1,0)), --(_xlpm.dates >= D$1), --(_xlpm.pts <> "")), _xlpm.nbparties )} -> 3 | E14: {=_xlfn.LET( _xlpm.seq, _xlfn.SEQUENCE(COUNTA('Elo calculation'!$A:$A)/4, 1, 2, 4), _xlpm.dates, INDEX('Elo calculation'!$C:$C, _xlpm.seq), _xlpm.limite, EOMONTH(D$1,0), _xlpm.ligdate, MAX(IF(_xlpm.dates <= _xlpm.limite, _xlpm.seq, 0)), _xlpm.coljoueur, MATCH($A14, 'Elo calculation'!$1:$1, 0), INDEX('Elo calculation'!$A:$ZZ, _xlpm.ligdate + 4, _xlpm.coljoueur) )} -> 1005.4307 | F14: {=_xlfn.LET( _xlpm.vals, _xlfn._xlws.FILTER(E:E, (D:D>0)*(ISNUMBER(E:E)), ""), _xlpm.nPlus, SUM(--(_xlpm.vals > E14)), _xlpm.nEgal, SUM(--(_xlpm.vals = E14)), _xlpm.res, 1 + _xlpm.nPlus + (_xlpm.nEgal - 1) / 2, IF(D14=0, "", _xlpm.res) )} -> 11 | G14: {=_xlfn.LET( _xlpm.ming, Constantes!$B$8, _xlpm.maxmma, Constantes!$B$6, _xlpm.minmma, Constantes!$B$7, _xlpm.maxp, MAX(_xlfn._xlws.FILTER(F:F, ISNUMBER(F:F))), _xlpm.place, IF(F14="", _xlpm.maxp, F14), MIN(_xlpm.ming,D14)/_xlpm.ming * ((_xlpm.maxp - _xlpm.place) / (_xlpm.maxp - 1) * (_xlpm.maxmma - _xlpm.minmma) + _xlpm.minmma) )} -> 240 | H14: =C14+G14 -> 240 | I14: {=_xlfn.LET( _xlpm.dates, INDEX('Elo calculation'!$C:$C, _xlfn.SEQUENCE(COUNTA('Elo calculation'!$C:$C)-2,1,2,4)), _xlpm.pts, INDEX('Elo calculation'!$A:$ZZ, _xlfn.SEQUENCE(COUNTA('Elo calculation'!$C:$C)-2,1,3,4), MATCH($A14,'Elo calculation'!$1:$1,0)), _xlpm.nbparties, SUMPRODUCT(--(_xlpm.dates <= EOMONTH(I$1,0)), --(_xlpm.dates >= I$1), --(_xlpm.pts <> "")), _xlpm.nbparties )} -> 6 | J14: {=_xlfn.LET( _xlpm.seq, _xlfn.SEQUENCE(COUNTA('Elo calculation'!$A:$A)/4, 1, 2, 4), _xlpm.dates, INDEX('Elo calculation'!$C:$C, _xlpm.seq), _xlpm.limite, EOMONTH(I$1,0), _xlpm.ligdate, MAX(IF(_xlpm.dates <= _xlpm.limite, _xlpm.seq, 0)), _xlpm.coljoueur, MATCH($A14, 'Elo calculation'!$1:$1, 0), INDEX('Elo calculation'!$A:$ZZ, _xlpm.ligdate + 4, _xlpm.coljoueur) )} -> 997.0405 | K14: {=_xlfn.LET( _xlpm.vals, _xlfn._xlws.FILTER(J:J, (I:I>0)*(ISNUMBER(J:J)), ""), _xlpm.nPlus, SUM(--(_xlpm.vals > J14)), _xlpm.nEgal, SUM(--(_xlpm.vals = J14)), _xlpm.res, 1 + _xlpm.nPlus + (_xlpm.nEgal - 1) / 2, IF(I14=0, "", _xlpm.res) )} -> 15 | L14: {=_xlfn.LET( _xlpm.ming, Constantes!$B$8, _xlpm.maxmma, Constantes!$B$6, _xlpm.minmma, Constantes!$B$7, _xlpm.maxp, MAX(_xlfn._xlws.FILTER(K:K, ISNUMBER(K:K))), _xlpm.place, IF(K14="", _xlpm.maxp, K14), MIN(_xlpm.ming,I14)/_xlpm.ming * ((_xlpm.maxp - _xlpm.place) / (_xlpm.maxp - 1) * (_xlpm.maxmma - _xlpm.minmma) + _xlpm.minmma) )} -> 314.70588 | M14: =H14+L14 -> 554.70588 | N14: {=_xlfn.LET( _xlpm.dates, INDEX('Elo calculation'!$C:$C, _xlfn.SEQUENCE(COUNTA('Elo calculation'!$C:$C)-2,1,2,4)), _xlpm.pts, INDEX('Elo calculation'!$A:$ZZ, _xlfn.SEQUENCE(COUNTA('Elo calculation'!$C:$C)-2,1,3,4), MATCH($A14,'Elo calculation'!$1:$1,0)), _xlpm.nbparties, SUMPRODUCT(--(_xlpm.dates <= EOMONTH(N$1,0)), --(_xlpm.dates >= N$1), --(_xlpm.pts <> "")), _xlpm.nbparties )} -> 0 | O14: {=_xlfn.LET( _xlpm.seq, _xlfn.SEQUENCE(COUNTA('Elo calculation'!$A:$A)/4, 1, 2, 4), _xlpm.dates, INDEX('Elo calculation'!$C:$C, _xlpm.seq), _xlpm.limite, EOMONTH(N$1,0), _xlpm.ligdate, MAX(IF(_xlpm.dates <= _xlpm.limite, _xlpm.seq, 0)), _xlpm.coljoueur, MATCH($A14, 'Elo calculation'!$1:$1, 0), INDEX('Elo calculation'!$A:$ZZ, _xlpm.ligdate + 4, _xlpm.coljoueur) )} -> 997.0405 | P14: {=_xlfn.LET( _xlpm.vals, _xlfn._xlws.FILTER(O:O, (N:N>0)*(ISNUMBER(O:O)), ""), _xlpm.nPlus, SUM(--(_xlpm.vals > O14)), _xlpm.nEgal, SUM(--(_xlpm.vals = O14)), _xlpm.res, 1 + _xlpm.nPlus + (_xlpm.nEgal - 1) / 2, IF(N14=0, "", _xlpm.res) )} | Q14: {=_xlfn.LET( _xlpm.ming, Constantes!$B$8, _xlpm.maxmma, Constantes!$B$6, _xlpm.minmma, Constantes!$B$7, _xlpm.maxp, MAX(_xlfn._xlws.FILTER(P:P, ISNUMBER(P:P))), _xlpm.place, IF(P14="", _xlpm.maxp, P14), MIN(_xlpm.ming,N14)/_xlpm.ming * ((_xlpm.maxp - _xlpm.place) / (_xlpm.maxp - 1) * (_xlpm.maxmma - _xlpm.minmma) + _xlpm.minmma) )} -> 0 | R14: =M14+Q14 -> 554.70588
... A38: Valerie L | B38: 1000 | C38: 0 | D38: {=_xlfn.LET( _xlpm.dates, INDEX('Elo calculation'!$C:$C, _xlfn.SEQUENCE(COUNTA('Elo calculation'!$C:$C)-2,1,2,4)), _xlpm.pts, INDEX('Elo calculation'!$A:$ZZ, _xlfn.SEQUENCE(COUNTA('Elo calculation'!$C:$C)-2,1,3,4), MATCH($A38,'Elo calculation'!$1:$1,0)), _xlpm.nbparties, SUMPRODUCT(--(_xlpm.dates <= EOMONTH(D$1,0)), --(_xlpm.dates >= D$1), --(_xlpm.pts <> "")), _xlpm.nbparties )} -> 0 | E38: {=_xlfn.LET( _xlpm.seq, _xlfn.SEQUENCE(COUNTA('Elo calculation'!$A:$A)/4, 1, 2, 4), _xlpm.dates, INDEX('Elo calculation'!$C:$C, _xlpm.seq), _xlpm.limite, EOMONTH(D$1,0), _xlpm.ligdate, MAX(IF(_xlpm.dates <= _xlpm.limite, _xlpm.seq, 0)), _xlpm.coljoueur, MATCH($A38, 'Elo calculation'!$1:$1, 0), INDEX('Elo calculation'!$A:$ZZ, _xlpm.ligdate + 4, _xlpm.coljoueur) )} -> 1000 | F38: {=_xlfn.LET( _xlpm.vals, _xlfn._xlws.FILTER(E:E, (D:D>0)*(ISNUMBER(E:E)), ""), _xlpm.nPlus, SUM(--(_xlpm.vals > E38)), _xlpm.nEgal, SUM(--(_xlpm.vals = E38)), _xlpm.res, 1 + _xlpm.nPlus + (_xlpm.nEgal - 1) / 2, IF(D38=0, "", _xlpm.res) )} | G38: {=_xlfn.LET( _xlpm.ming, Constantes!$B$8, _xlpm.maxmma, Constantes!$B$6, _xlpm.minmma, Constantes!$B$7, _xlpm.maxp, MAX(_xlfn._xlws.FILTER(F:F, ISNUMBER(F:F))), _xlpm.place, IF(F38="", _xlpm.maxp, F38), MIN(_xlpm.ming,D38)/_xlpm.ming * ((_xlpm.maxp - _xlpm.place) / (_xlpm.maxp - 1) * (_xlpm.maxmma - _xlpm.minmma) + _xlpm.minmma) )} -> 0 | H38: =C38+G38 -> 0 | I38: {=_xlfn.LET( _xlpm.dates, INDEX('Elo calculation'!$C:$C, _xlfn.SEQUENCE(COUNTA('Elo calculation'!$C:$C)-2,1,2,4)), _xlpm.pts, INDEX('Elo calculation'!$A:$ZZ, _xlfn.SEQUENCE(COUNTA('Elo calculation'!$C:$C)-2,1,3,4), MATCH($A38,'Elo calculation'!$1:$1,0)), _xlpm.nbparties, SUMPRODUCT(--(_xlpm.dates <= EOMONTH(I$1,0)), --(_xlpm.dates >= I$1), --(_xlpm.pts <> "")), _xlpm.nbparties )} -> 1 | J38: {=_xlfn.LET( _xlpm.seq, _xlfn.SEQUENCE(COUNTA('Elo calculation'!$A:$A)/4, 1, 2, 4), _xlpm.dates, INDEX('Elo calculation'!$C:$C, _xlpm.seq), _xlpm.limite, EOMONTH(I$1,0), _xlpm.ligdate, MAX(IF(_xlpm.dates <= _xlpm.limite, _xlpm.seq, 0)), _xlpm.coljoueur, MATCH($A38, 'Elo calculation'!$1:$1, 0), INDEX('Elo calculation'!$A:$ZZ, _xlpm.ligdate + 4, _xlpm.coljoueur) )} -> 930.08392 | K38: {=_xlfn.LET( _xlpm.vals, _xlfn._xlws.FILTER(J:J, (I:I>0)*(ISNUMBER(J:J)), ""), _xlpm.nPlus, SUM(--(_xlpm.vals > J38)), _xlpm.nEgal, SUM(--(_xlpm.vals = J38)), _xlpm.res, 1 + _xlpm.nPlus + (_xlpm.nEgal - 1) / 2, IF(I38=0, "", _xlpm.res) )} -> 25 | L38: {=_xlfn.LET( _xlpm.ming, Constantes!$B$8, _xlpm.maxmma, Constantes!$B$6, _xlpm.minmma, Constantes!$B$7, _xlpm.maxp, MAX(_xlfn._xlws.FILTER(K:K, ISNUMBER(K:K))), _xlpm.place, IF(K38="", _xlpm.maxp, K38), MIN(_xlpm.ming,I38)/_xlpm.ming * ((_xlpm.maxp - _xlpm.place) / (_xlpm.maxp - 1) * (_xlpm.maxmma - _xlpm.minmma) + _xlpm.minmma) )} -> 45.588235 | M38: =H38+L38 -> 45.588235 | N38: {=_xlfn.LET( _xlpm.dates, INDEX('Elo calculation'!$C:$C, _xlfn.SEQUENCE(COUNTA('Elo calculation'!$C:$C)-2,1,2,4)), _xlpm.pts, INDEX('Elo calculation'!$A:$ZZ, _xlfn.SEQUENCE(COUNTA('Elo calculation'!$C:$C)-2,1,3,4), MATCH($A38,'Elo calculation'!$1:$1,0)), _xlpm.nbparties, SUMPRODUCT(--(_xlpm.dates <= EOMONTH(N$1,0)), --(_xlpm.dates >= N$1), --(_xlpm.pts <> "")), _xlpm.nbparties )} -> 0 | O38: {=_xlfn.LET( _xlpm.seq, _xlfn.SEQUENCE(COUNTA('Elo calculation'!$A:$A)/4, 1, 2, 4), _xlpm.dates, INDEX('Elo calculation'!$C:$C, _xlpm.seq), _xlpm.limite, EOMONTH(N$1,0), _xlpm.ligdate, MAX(IF(_xlpm.dates <= _xlpm.limite, _xlpm.seq, 0)), _xlpm.coljoueur, MATCH($A38, 'Elo calculation'!$1:$1, 0), INDEX('Elo calculation'!$A:$ZZ, _xlpm.ligdate + 4, _xlpm.coljoueur) )} -> 930.08392 | P38: {=_xlfn.LET( _xlpm.vals, _xlfn._xlws.FILTER(O:O, (N:N>0)*(ISNUMBER(O:O)), ""), _xlpm.nPlus, SUM(--(_xlpm.vals > O38)), _xlpm.nEgal, SUM(--(_xlpm.vals = O38)), _xlpm.res, 1 + _xlpm.nPlus + (_xlpm.nEgal - 1) / 2, IF(N38=0, "", _xlpm.res) )} | Q38: {=_xlfn.LET( _xlpm.ming, Constantes!$B$8, _xlpm.maxmma, Constantes!$B$6, _xlpm.minmma, Constantes!$B$7, _xlpm.maxp, MAX(_xlfn._xlws.FILTER(P:P, ISNUMBER(P:P))), _xlpm.place, IF(P38="", _xlpm.maxp, P38), MIN(_xlpm.ming,N38)/_xlpm.ming * ((_xlpm.maxp - _xlpm.place) / (_xlpm.maxp - 1) * (_xlpm.maxmma - _xlpm.minmma) + _xlpm.minmma) )} -> 0 | R38: =M38+Q38 -> 45.588235

Sheet Elo calculation
B1: Partie | C1: Date | D1: {=INDEX( 'EMA points'!$A:$A, COLUMN() - COLUMN($D$1) + ROW('EMA points'!$A$3) )} -> Isabelle | E1: {=INDEX( 'EMA points'!$A:$A, COLUMN() - COLUMN($D$1) + ROW('EMA points'!$A$3) )} -> Guilhem | F1: {=INDEX( 'EMA points'!$A:$A, COLUMN() - COLUMN($D$1) + ROW('EMA points'!$A$3) )} -> Marc | G1: {=INDEX( 'EMA points'!$A:$A, COLUMN() - COLUMN($D$1) + ROW('EMA points'!$A$3) )} -> Christophe | H1: {=INDEX( 'EMA points'!$A:$A, COLUMN() - COLUMN($D$1) + ROW('EMA points'!$A$3) )} -> Raphael | I1: {=INDEX( 'EMA points'!$A:$A, COLUMN() - COLUMN($D$1) + ROW('EMA points'!$A$3) )} -> Delphine | J1: {=INDEX( 'EMA points'!$A:$A, COLUMN() - COLUMN($D$1) + ROW('EMA points'!$A$3) )} -> Mathieu | K1: {=INDEX( 'EMA points'!$A:$A, COLUMN() - COLUMN($D$1) + ROW('EMA points'!$A$3) )} -> Ghislaine | ... AM1: {=INDEX( 'EMA points'!$A:$A, COLUMN() - COLUMN($D$1) + ROW('EMA points'!$A$3) )} -> Valerie L
A2: Elo points | B2: {=IFERROR(_xlfn.LET( _xlpm.cola, INDEX(Donnees!F:F, _xlfn.SEQUENCE(COUNTA(Donnees!F:F), 1, 2, 4)), _xlpm.colb, INDEX(Donnees!F:F, _xlfn.SEQUENCE(COUNTA(Donnees!F:F), 1, 1, 4)), _xlpm.tab, _xlfn._xlws.FILTER(CHOOSE({1,2}, _xlpm.cola, _xlpm.colb), (_xlpm.cola<>"")*(_xlpm.colb<>"")), _xlpm.tri, _xlfn._xlws.SORT(_xlpm.tab), INDEX(_xlpm.tri, (ROW()+2)/4, 2) ), "")} -> Partie 1 | C2: {=IF(B2="","", INDEX(Donnees!F:F, MATCH(B2, Donnees!F:F, 0)+1))} -> 45903.59 | D2: =INDEX('EMA points'!$B:$B,MATCH(D1,'EMA points'!$A:$A,0)) -> 980.345 | E2: =INDEX('EMA points'!$B:$B,MATCH(E1,'EMA points'!$A:$A,0)) -> 1083.54 | F2: =INDEX('EMA points'!$B:$B,MATCH(F1,'EMA points'!$A:$A,0)) -> 903.97 | G2: =INDEX('EMA points'!$B:$B,MATCH(G1,'EMA points'!$A:$A,0)) -> 1068.34 | H2: =INDEX('EMA points'!$B:$B,MATCH(H1,'EMA points'!$A:$A,0)) -> 1075.79 | I2: =INDEX('EMA points'!$B:$B,MATCH(I1,'EMA points'!$A:$A,0)) -> 1000 | J2: =INDEX('EMA points'!$B:$B,MATCH(J1,'EMA points'!$A:$A,0)) -> 1030.135 | K2: =INDEX('EMA points'!$B:$B,MATCH(K1,'EMA points'!$A:$A,0)) -> 923.36 | ... AM2: =INDEX('EMA points'!$B:$B,MATCH(AM1,'EMA points'!$A:$A,0)) -> 1000
A3: Table points | D3: {=IFERROR( _xlfn.LET( _xlpm.ligpartie, MATCH($B2, Donnees!$F:$F, 0), _xlpm.joueurs, INDEX(Donnees!$A:$Z, _xlpm.ligpartie+1, _xlfn.SEQUENCE(1, 4, 2)), INDEX( Donnees!$A:$Z, _xlpm.ligpartie + 3, MATCH(D$1, _xlpm.joueurs, 0) + 1 ) ), "" )} -> 2 | E3: {=IFERROR( _xlfn.LET( _xlpm.ligpartie, MATCH($B2, Donnees!$F:$F, 0), _xlpm.joueurs, INDEX(Donnees!$A:$Z, _xlpm.ligpartie+1, _xlfn.SEQUENCE(1, 4, 2)), INDEX( Donnees!$A:$Z, _xlpm.ligpartie + 3, MATCH(E$1, _xlpm.joueurs, 0) + 1 ) ), "" )} -> 3 | F3: {=IFERROR( _xlfn.LET( _xlpm.ligpartie, MATCH($B2, Donnees!$F:$F, 0), _xlpm.joueurs, INDEX(Donnees!$A:$Z, _xlpm.ligpartie+1, _xlfn.SEQUENCE(1, 4, 2)), INDEX( Donnees!$A:$Z, _xlpm.ligpartie + 3, MATCH(F$1, _xlpm.joueurs, 0) + 1 ) ), "" )} -> 1 | G3: {=IFERROR( _xlfn.LET( _xlpm.ligpartie, MATCH($B2, Donnees!$F:$F, 0), _xlpm.joueurs, INDEX(Donnees!$A:$Z, _xlpm.ligpartie+1, _xlfn.SEQUENCE(1, 4, 2)), INDEX( Donnees!$A:$Z, _xlpm.ligpartie + 3, MATCH(G$1, _xlpm.joueurs, 0) + 1 ) ), "" )} -> 0 | H3: {=IFERROR( _xlfn.LET( _xlpm.ligpartie, MATCH($B2, Donnees!$F:$F, 0), _xlpm.joueurs, INDEX(Donnees!$A:$Z, _xlpm.ligpartie+1, _xlfn.SEQUENCE(1, 4, 2)), INDEX( Donnees!$A:$Z, _xlpm.ligpartie + 3, MATCH(H$1, _xlpm.joueurs, 0) + 1 ) ), "" )} | I3: {=IFERROR( _xlfn.LET( _xlpm.ligpartie, MATCH($B2, Donnees!$F:$F, 0), _xlpm.joueurs, INDEX(Donnees!$A:$Z, _xlpm.ligpartie+1, _xlfn.SEQUENCE(1, 4, 2)), INDEX( Donnees!$A:$Z, _xlpm.ligpartie + 3, MATCH(I$1, _xlpm.joueurs, 0) + 1 ) ), "" )} | J3: {=IFERROR( _xlfn.LET( _xlpm.ligpartie, MATCH($B2, Donnees!$F:$F, 0), _xlpm.joueurs, INDEX(Donnees!$A:$Z, _xlpm.ligpartie+1, _xlfn.SEQUENCE(1, 4, 2)), INDEX( Donnees!$A:$Z, _xlpm.ligpartie + 3, MATCH(J$1, _xlpm.joueurs, 0) + 1 ) ), "" )} | K3: {=IFERROR( _xlfn.LET( _xlpm.ligpartie, MATCH($B2, Donnees!$F:$F, 0), _xlpm.joueurs, INDEX(Donnees!$A:$Z, _xlpm.ligpartie+1, _xlfn.SEQUENCE(1, 4, 2)), INDEX( Donnees!$A:$Z, _xlpm.ligpartie + 3, MATCH(K$1, _xlpm.joueurs, 0) + 1 ) ), "" )} | ... AM3: {=IFERROR( _xlfn.LET( _xlpm.ligpartie, MATCH($B2, Donnees!$F:$F, 0), _xlpm.joueurs, INDEX(Donnees!$A:$Z, _xlpm.ligpartie+1, _xlfn.SEQUENCE(1, 4, 2)), INDEX( Donnees!$A:$Z, _xlpm.ligpartie + 3, MATCH(AM$1, _xlpm.joueurs, 0) + 1 ) ), "" )}
A4: Awaited perf | D4: {=_xlfn.LET( _xlpm.colj, _xlfn._xlws.FILTER(IF(ISNUMBER(3:3), COLUMN(3:3)), ISNUMBER(3:3)), _xlpm.elos, INDEX(2:2,1,_xlpm.colj), _xlpm.diffscale, Constantes!$B$2, IF(D3="", "", SUM(1/(1+POWER(10,-(D2-_xlpm.elos)/_xlpm.diffscale)))-0.5) )} -> 1.3398894 | E4: {=_xlfn.LET( _xlpm.colj, _xlfn._xlws.FILTER(IF(ISNUMBER(3:3), COLUMN(3:3)), ISNUMBER(3:3)), _xlpm.elos, INDEX(2:2,1,_xlpm.colj), _xlpm.diffscale, Constantes!$B$2, IF(E3="", "", SUM(1/(1+POWER(10,-(E2-_xlpm.elos)/_xlpm.diffscale)))-0.5) )} -> 1.903782 | F4: {=_xlfn.LET( _xlpm.colj, _xlfn._xlws.FILTER(IF(ISNUMBER(3:3), COLUMN(3:3)), ISNUMBER(3:3)), _xlpm.elos, INDEX(2:2,1,_xlpm.colj), _xlpm.diffscale, Constantes!$B$2, IF(F3="", "", SUM(1/(1+POWER(10,-(F2-_xlpm.elos)/_xlpm.diffscale)))-0.5) )} -> 0.93384587 | G4: {=_xlfn.LET( _xlpm.colj, _xlfn._xlws.FILTER(IF(ISNUMBER(3:3), COLUMN(3:3)), ISNUMBER(3:3)), _xlpm.elos, INDEX(2:2,1,_xlpm.colj), _xlpm.diffscale, Constantes!$B$2, IF(G3="", "", SUM(1/(1+POWER(10,-(G2-_xlpm.elos)/_xlpm.diffscale)))-0.5) )} -> 1.8224827 | H4: {=_xlfn.LET( _xlpm.colj, _xlfn._xlws.FILTER(IF(ISNUMBER(3:3), COLUMN(3:3)), ISNUMBER(3:3)), _xlpm.elos, INDEX(2:2,1,_xlpm.colj), _xlpm.diffscale, Constantes!$B$2, IF(H3="", "", SUM(1/(1+POWER(10,-(H2-_xlpm.elos)/_xlpm.diffscale)))-0.5) )} | I4: {=_xlfn.LET( _xlpm.colj, _xlfn._xlws.FILTER(IF(ISNUMBER(3:3), COLUMN(3:3)), ISNUMBER(3:3)), _xlpm.elos, INDEX(2:2,1,_xlpm.colj), _xlpm.diffscale, Constantes!$B$2, IF(I3="", "", SUM(1/(1+POWER(10,-(I2-_xlpm.elos)/_xlpm.diffscale)))-0.5) )} | J4: {=_xlfn.LET( _xlpm.colj, _xlfn._xlws.FILTER(IF(ISNUMBER(3:3), COLUMN(3:3)), ISNUMBER(3:3)), _xlpm.elos, INDEX(2:2,1,_xlpm.colj), _xlpm.diffscale, Constantes!$B$2, IF(J3="", "", SUM(1/(1+POWER(10,-(J2-_xlpm.elos)/_xlpm.diffscale)))-0.5) )} | K4: {=_xlfn.LET( _xlpm.colj, _xlfn._xlws.FILTER(IF(ISNUMBER(3:3), COLUMN(3:3)), ISNUMBER(3:3)), _xlpm.elos, INDEX(2:2,1,_xlpm.colj), _xlpm.diffscale, Constantes!$B$2, IF(K3="", "", SUM(1/(1+POWER(10,-(K2-_xlpm.elos)/_xlpm.diffscale)))-0.5) )} | ... AM4: {=_xlfn.LET( _xlpm.colj, _xlfn._xlws.FILTER(IF(ISNUMBER(3:3), COLUMN(3:3)), ISNUMBER(3:3)), _xlpm.elos, INDEX(2:2,1,_xlpm.colj), _xlpm.diffscale, Constantes!$B$2, IF(AM3="", "", SUM(1/(1+POWER(10,-(AM2-_xlpm.elos)/_xlpm.diffscale)))-0.5) )}
A5: Elo gain | D5: {=_xlfn.LET( _xlpm.K, Constantes!$B$3, _xlpm.Knewgain, Constantes!$B$4, _xlpm.Knewscale, Constantes!$B$5, _xlpm.ptstables, INDEX(D:D, _xlfn.SEQUENCE(COUNTA($C$2:$C5), 1, 3, 4)), _xlpm.nbparties, COUNTA(_xlfn._xlws.FILTER(_xlpm.ptstables, _xlpm.ptstables <> "")), _xlpm.coef, _xlpm.K + _xlpm.Knewgain / (_xlpm.Knewscale + _xlpm.nbparties), IF(D3="", "", _xlpm.coef * (D3-D4)) )} -> 29.704975 | E5: {=_xlfn.LET( _xlpm.K, Constantes!$B$3, _xlpm.Knewgain, Constantes!$B$4, _xlpm.Knewscale, Constantes!$B$5, _xlpm.ptstables, INDEX(E:E, _xlfn.SEQUENCE(COUNTA($C$2:$C5), 1, 3, 4)), _xlpm.nbparties, COUNTA(_xlfn._xlws.FILTER(_xlpm.ptstables, _xlpm.ptstables <> "")), _xlpm.coef, _xlpm.K + _xlpm.Knewgain / (_xlpm.Knewscale + _xlpm.nbparties), IF(E3="", "", _xlpm.coef * (E3-E4)) )} -> 49.329808 | F5: {=_xlfn.LET( _xlpm.K, Constantes!$B$3, _xlpm.Knewgain, Constantes!$B$4, _xlpm.Knewscale, Constantes!$B$5, _xlpm.ptstables, INDEX(F:F, _xlfn.SEQUENCE(COUNTA($C$2:$C5), 1, 3, 4)), _xlpm.nbparties, COUNTA(_xlfn._xlws.FILTER(_xlpm.ptstables, _xlpm.ptstables <> "")), _xlpm.coef, _xlpm.K + _xlpm.Knewgain / (_xlpm.Knewscale + _xlpm.nbparties), IF(F3="", "", _xlpm.coef * (F3-F4)) )} -> 2.9769357 | G5: {=_xlfn.LET( _xlpm.K, Constantes!$B$3, _xlpm.Knewgain, Constantes!$B$4, _xlpm.Knewscale, Constantes!$B$5, _xlpm.ptstables, INDEX(G:G, _xlfn.SEQUENCE(COUNTA($C$2:$C5), 1, 3, 4)), _xlpm.nbparties, COUNTA(_xlfn._xlws.FILTER(_xlpm.ptstables, _xlpm.ptstables <> "")), _xlpm.coef, _xlpm.K + _xlpm.Knewgain / (_xlpm.Knewscale + _xlpm.nbparties), IF(G3="", "", _xlpm.coef * (G3-G4)) )} -> -82.01172 | H5: {=_xlfn.LET( _xlpm.K, Constantes!$B$3, _xlpm.Knewgain, Constantes!$B$4, _xlpm.Knewscale, Constantes!$B$5, _xlpm.ptstables, INDEX(H:H, _xlfn.SEQUENCE(COUNTA($C$2:$C5), 1, 3, 4)), _xlpm.nbparties, COUNTA(_xlfn._xlws.FILTER(_xlpm.ptstables, _xlpm.ptstables <> "")), _xlpm.coef, _xlpm.K + _xlpm.Knewgain / (_xlpm.Knewscale + _xlpm.nbparties), IF(H3="", "", _xlpm.coef * (H3-H4)) )} | I5: {=_xlfn.LET( _xlpm.K, Constantes!$B$3, _xlpm.Knewgain, Constantes!$B$4, _xlpm.Knewscale, Constantes!$B$5, _xlpm.ptstables, INDEX(I:I, _xlfn.SEQUENCE(COUNTA($C$2:$C5), 1, 3, 4)), _xlpm.nbparties, COUNTA(_xlfn._xlws.FILTER(_xlpm.ptstables, _xlpm.ptstables <> "")), _xlpm.coef, _xlpm.K + _xlpm.Knewgain / (_xlpm.Knewscale + _xlpm.nbparties), IF(I3="", "", _xlpm.coef * (I3-I4)) )} | J5: {=_xlfn.LET( _xlpm.K, Constantes!$B$3, _xlpm.Knewgain, Constantes!$B$4, _xlpm.Knewscale, Constantes!$B$5, _xlpm.ptstables, INDEX(J:J, _xlfn.SEQUENCE(COUNTA($C$2:$C5), 1, 3, 4)), _xlpm.nbparties, COUNTA(_xlfn._xlws.FILTER(_xlpm.ptstables, _xlpm.ptstables <> "")), _xlpm.coef, _xlpm.K + _xlpm.Knewgain / (_xlpm.Knewscale + _xlpm.nbparties), IF(J3="", "", _xlpm.coef * (J3-J4)) )} | K5: {=_xlfn.LET( _xlpm.K, Constantes!$B$3, _xlpm.Knewgain, Constantes!$B$4, _xlpm.Knewscale, Constantes!$B$5, _xlpm.ptstables, INDEX(K:K, _xlfn.SEQUENCE(COUNTA($C$2:$C5), 1, 3, 4)), _xlpm.nbparties, COUNTA(_xlfn._xlws.FILTER(_xlpm.ptstables, _xlpm.ptstables <> "")), _xlpm.coef, _xlpm.K + _xlpm.Knewgain / (_xlpm.Knewscale + _xlpm.nbparties), IF(K3="", "", _xlpm.coef * (K3-K4)) )} | L5: {=_xlfn.LET( _xlpm.K, Constantes!$B$3, _xlpm.Knewgain, Constantes!$B$4, _xlpm.Knewscale, Constantes!$B$5, _xlpm.ptstables, INDEX(L:L, _xlfn.SEQUENCE(COUNTA($C$2:$C5), 1, 3, 4)), _xlpm.nbparties, COUNTA(_xlfn._xlws.FILTER(_xlpm.ptstables, _xlpm.ptstables <> "")), _xlpm.coef, _xlpm.K + _xlpm.Knewgain / (_xlpm.Knewscale + _xlpm.nbparties), IF(L3="", "", _xlpm.coef * (L3-L4)) )} | M5: {=_xlfn.LET( _xlpm.K, Constantes!$B$3, _xlpm.Knewgain, Constantes!$B$4, _xlpm.Knewscale, Constantes!$B$5, _xlpm.ptstables, INDEX(M:M, _xlfn.SEQUENCE(COUNTA($C$2:$C5), 1, 3, 4)), _xlpm.nbparties, COUNTA(_xlfn._xlws.FILTER(_xlpm.ptstables, _xlpm.ptstables <> "")), _xlpm.coef, _xlpm.K + _xlpm.Knewgain / (_xlpm.Knewscale + _xlpm.nbparties), IF(M3="", "", _xlpm.coef * (M3-M4)) )} | N5: {=_xlfn.LET( _xlpm.K, Constantes!$B$3, _xlpm.Knewgain, Constantes!$B$4, _xlpm.Knewscale, Constantes!$B$5, _xlpm.ptstables, INDEX(N:N, _xlfn.SEQUENCE(COUNTA($C$2:$C5), 1, 3, 4)), _xlpm.nbparties, COUNTA(_xlfn._xlws.FILTER(_xlpm.ptstables, _xlpm.ptstables <> "")), _xlpm.coef, _xlpm.K + _xlpm.Knewgain / (_xlpm.Knewscale + _xlpm.nbparties), IF(N3="", "", _xlpm.coef * (N3-N4)) )} | O5: {=_xlfn.LET( _xlpm.K, Constantes!$B$3, _xlpm.Knewgain, Constantes!$B$4, _xlpm.Knewscale, Constantes!$B$5, _xlpm.ptstables, INDEX(O:O, _xlfn.SEQUENCE(COUNTA($C$2:$C5), 1, 3, 4)), _xlpm.nbparties, COUNTA(_xlfn._xlws.FILTER(_xlpm.ptstables, _xlpm.ptstables <> "")), _xlpm.coef, _xlpm.K + _xlpm.Knewgain / (_xlpm.Knewscale + _xlpm.nbparties), IF(O3="", "", _xlpm.coef * (O3-O4)) )} | P5: {=_xlfn.LET( _xlpm.K, Constantes!$B$3, _xlpm.Knewgain, Constantes!$B$4, _xlpm.Knewscale, Constantes!$B$5, _xlpm.ptstables, INDEX(P:P, _xlfn.SEQUENCE(COUNTA($C$2:$C5), 1, 3, 4)), _xlpm.nbparties, COUNTA(_xlfn._xlws.FILTER(_xlpm.ptstables, _xlpm.ptstables <> "")), _xlpm.coef, _xlpm.K + _xlpm.Knewgain / (_xlpm.Knewscale + _xlpm.nbparties), IF(P3="", "", _xlpm.coef * (P3-P4)) )} | Q5: {=_xlfn.LET( _xlpm.K, Constantes!$B$3, _xlpm.Knewgain, Constantes!$B$4, _xlpm.Knewscale, Constantes!$B$5, _xlpm.ptstables, INDEX(Q:Q, _xlfn.SEQUENCE(COUNTA($C$2:$C5), 1, 3, 4)), _xlpm.nbparties, COUNTA(_xlfn._xlws.FILTER(_xlpm.ptstables, _xlpm.ptstables <> "")), _xlpm.coef, _xlpm.K + _xlpm.Knewgain / (_xlpm.Knewscale + _xlpm.nbparties), IF(Q3="", "", _xlpm.coef * (Q3-Q4)) )} | R5: {=_xlfn.LET( _xlpm.K, Constantes!$B$3, _xlpm.Knewgain, Constantes!$B$4, _xlpm.Knewscale, Constantes!$B$5, _xlpm.ptstables, INDEX(R:R, _xlfn.SEQUENCE(COUNTA($C$2:$C5), 1, 3, 4)), _xlpm.nbparties, COUNTA(_xlfn._xlws.FILTER(_xlpm.ptstables, _xlpm.ptstables <> "")), _xlpm.coef, _xlpm.K + _xlpm.Knewgain / (_xlpm.Knewscale + _xlpm.nbparties), IF(R3="", "", _xlpm.coef * (R3-R4)) )} | S5: {=_xlfn.LET( _xlpm.K, Constantes!$B$3, _xlpm.Knewgain, Constantes!$B$4, _xlpm.Knewscale, Constantes!$B$5, _xlpm.ptstables, INDEX(S:S, _xlfn.SEQUENCE(COUNTA($C$2:$C5), 1, 3, 4)), _xlpm.nbparties, COUNTA(_xlfn._xlws.FILTER(_xlpm.ptstables, _xlpm.ptstables <> "")), _xlpm.coef, _xlpm.K + _xlpm.Knewgain / (_xlpm.Knewscale + _xlpm.nbparties), IF(S3="", "", _xlpm.coef * (S3-S4)) )} | T5: {=_xlfn.LET( _xlpm.K, Constantes!$B$3, _xlpm.Knewgain, Constantes!$B$4, _xlpm.Knewscale, Constantes!$B$5, _xlpm.ptstables, INDEX(T:T, _xlfn.SEQUENCE(COUNTA($C$2:$C5), 1, 3, 4)), _xlpm.nbparties, COUNTA(_xlfn._xlws.FILTER(_xlpm.ptstables, _xlpm.ptstables <> "")), _xlpm.coef, _xlpm.K + _xlpm.Knewgain / (_xlpm.Knewscale + _xlpm.nbparties), IF(T3="", "", _xlpm.coef * (T3-T4)) )} | U5: {=_xlfn.LET( _xlpm.K, Constantes!$B$3, _xlpm.Knewgain, Constantes!$B$4, _xlpm.Knewscale, Constantes!$B$5, _xlpm.ptstables, INDEX(U:U, _xlfn.SEQUENCE(COUNTA($C$2:$C5), 1, 3, 4)), _xlpm.nbparties, COUNTA(_xlfn._xlws.FILTER(_xlpm.ptstables, _xlpm.ptstables <> "")), _xlpm.coef, _xlpm.K + _xlpm.Knewgain / (_xlpm.Knewscale + _xlpm.nbparties), IF(U3="", "", _xlpm.coef * (U3-U4)) )} | V5: {=_xlfn.LET( _xlpm.K, Constantes!$B$3, _xlpm.Knewgain, Constantes!$B$4, _xlpm.Knewscale, Constantes!$B$5, _xlpm.ptstables, INDEX(V:V, _xlfn.SEQUENCE(COUNTA($C$2:$C5), 1, 3, 4)), _xlpm.nbparties, COUNTA(_xlfn._xlws.FILTER(_xlpm.ptstables, _xlpm.ptstables <> "")), _xlpm.coef, _xlpm.K + _xlpm.Knewgain / (_xlpm.Knewscale + _xlpm.nbparties), IF(V3="", "", _xlpm.coef * (V3-V4)) )} | W5: {=_xlfn.LET( _xlpm.K, Constantes!$B$3, _xlpm.Knewgain, Constantes!$B$4, _xlpm.Knewscale, Constantes!$B$5, _xlpm.ptstables, INDEX(W:W, _xlfn.SEQUENCE(COUNTA($C$2:$C5), 1, 3, 4)), _xlpm.nbparties, COUNTA(_xlfn._xlws.FILTER(_xlpm.ptstables, _xlpm.ptstables <> "")), _xlpm.coef, _xlpm.K + _xlpm.Knewgain / (_xlpm.Knewscale + _xlpm.nbparties), IF(W3="", "", _xlpm.coef * (W3-W4)) )} | X5: {=_xlfn.LET( _xlpm.K, Constantes!$B$3, _xlpm.Knewgain, Constantes!$B$4, _xlpm.Knewscale, Constantes!$B$5, _xlpm.ptstables, INDEX(X:X, _xlfn.SEQUENCE(COUNTA($C$2:$C5), 1, 3, 4)), _xlpm.nbparties, COUNTA(_xlfn._xlws.FILTER(_xlpm.ptstables, _xlpm.ptstables <> "")), _xlpm.coef, _xlpm.K + _xlpm.Knewgain / (_xlpm.Knewscale + _xlpm.nbparties), IF(X3="", "", _xlpm.coef * (X3-X4)) )} | Y5: {=_xlfn.LET( _xlpm.K, Constantes!$B$3, _xlpm.Knewgain, Constantes!$B$4, _xlpm.Knewscale, Constantes!$B$5, _xlpm.ptstables, INDEX(Y:Y, _xlfn.SEQUENCE(COUNTA($C$2:$C5), 1, 3, 4)), _xlpm.nbparties, COUNTA(_xlfn._xlws.FILTER(_xlpm.ptstables, _xlpm.ptstables <> "")), _xlpm.coef, _xlpm.K + _xlpm.Knewgain / (_xlpm.Knewscale + _xlpm.nbparties), IF(Y3="", "", _xlpm.coef * (Y3-Y4)) )} | Z5: {=_xlfn.LET( _xlpm.K, Constantes!$B$3, _xlpm.Knewgain, Constantes!$B$4, _xlpm.Knewscale, Constantes!$B$5, _xlpm.ptstables, INDEX(Z:Z, _xlfn.SEQUENCE(COUNTA($C$2:$C5), 1, 3, 4)), _xlpm.nbparties, COUNTA(_xlfn._xlws.FILTER(_xlpm.ptstables, _xlpm.ptstables <> "")), _xlpm.coef, _xlpm.K + _xlpm.Knewgain / (_xlpm.Knewscale + _xlpm.nbparties), IF(Z3="", "", _xlpm.coef * (Z3-Z4)) )} | AA5: {=_xlfn.LET( _xlpm.K, Constantes!$B$3, _xlpm.Knewgain, Constantes!$B$4, _xlpm.Knewscale, Constantes!$B$5, _xlpm.ptstables, INDEX(AA:AA, _xlfn.SEQUENCE(COUNTA($C$2:$C5), 1, 3, 4)), _xlpm.nbparties, COUNTA(_xlfn._xlws.FILTER(_xlpm.ptstables, _xlpm.ptstables <> "")), _xlpm.coef, _xlpm.K + _xlpm.Knewgain / (_xlpm.Knewscale + _xlpm.nbparties), IF(AA3="", "", _xlpm.coef * (AA3-AA4)) )} | AB5: {=_xlfn.LET( _xlpm.K, Constantes!$B$3, _xlpm.Knewgain, Constantes!$B$4, _xlpm.Knewscale, Constantes!$B$5, _xlpm.ptstables, INDEX(AB:AB, _xlfn.SEQUENCE(COUNTA($C$2:$C5), 1, 3, 4)), _xlpm.nbparties, COUNTA(_xlfn._xlws.FILTER(_xlpm.ptstables, _xlpm.ptstables <> "")), _xlpm.coef, _xlpm.K + _xlpm.Knewgain / (_xlpm.Knewscale + _xlpm.nbparties), IF(AB3="", "", _xlpm.coef * (AB3-AB4)) )} | AC5: {=_xlfn.LET( _xlpm.K, Constantes!$B$3, _xlpm.Knewgain, Constantes!$B$4, _xlpm.Knewscale, Constantes!$B$5, _xlpm.ptstables, INDEX(AC:AC, _xlfn.SEQUENCE(COUNTA($C$2:$C5), 1, 3, 4)), _xlpm.nbparties, COUNTA(_xlfn._xlws.FILTER(_xlpm.ptstables, _xlpm.ptstables <> "")), _xlpm.coef, _xlpm.K + _xlpm.Knewgain / (_xlpm.Knewscale + _xlpm.nbparties), IF(AC3="", "", _xlpm.coef * (AC3-AC4)) )} | AD5: {=_xlfn.LET( _xlpm.K, Constantes!$B$3, _xlpm.Knewgain, Constantes!$B$4, _xlpm.Knewscale, Constantes!$B$5, _xlpm.ptstables, INDEX(AD:AD, _xlfn.SEQUENCE(COUNTA($C$2:$C5), 1, 3, 4)), _xlpm.nbparties, COUNTA(_xlfn._xlws.FILTER(_xlpm.ptstables, _xlpm.ptstables <> "")), _xlpm.coef, _xlpm.K + _xlpm.Knewgain / (_xlpm.Knewscale + _xlpm.nbparties), IF(AD3="", "", _xlpm.coef * (AD3-AD4)) )} | AE5: {=_xlfn.LET( _xlpm.K, Constantes!$B$3, _xlpm.Knewgain, Constantes!$B$4, _xlpm.Knewscale, Constantes!$B$5, _xlpm.ptstables, INDEX(AE:AE, _xlfn.SEQUENCE(COUNTA($C$2:$C5), 1, 3, 4)), _xlpm.nbparties, COUNTA(_xlfn._xlws.FILTER(_xlpm.ptstables, _xlpm.ptstables <> "")), _xlpm.coef, _xlpm.K + _xlpm.Knewgain / (_xlpm.Knewscale + _xlpm.nbparties), IF(AE3="", "", _xlpm.coef * (AE3-AE4)) )} | AF5: {=_xlfn.LET( _xlpm.K, Constantes!$B$3, _xlpm.Knewgain, Constantes!$B$4, _xlpm.Knewscale, Constantes!$B$5, _xlpm.ptstables, INDEX(AF:AF, _xlfn.SEQUENCE(COUNTA($C$2:$C5), 1, 3, 4)), _xlpm.nbparties, COUNTA(_xlfn._xlws.FILTER(_xlpm.ptstables, _xlpm.ptstables <> "")), _xlpm.coef, _xlpm.K + _xlpm.Knewgain / (_xlpm.Knewscale + _xlpm.nbparties), IF(AF3="", "", _xlpm.coef * (AF3-AF4)) )} | AG5: {=_xlfn.LET( _xlpm.K, Constantes!$B$3, _xlpm.Knewgain, Constantes!$B$4, _xlpm.Knewscale, Constantes!$B$5, _xlpm.ptstables, INDEX(AG:AG, _xlfn.SEQUENCE(COUNTA($C$2:$C5), 1, 3, 4)), _xlpm.nbparties, COUNTA(_xlfn._xlws.FILTER(_xlpm.ptstables, _xlpm.ptstables <> "")), _xlpm.coef, _xlpm.K + _xlpm.Knewgain / (_xlpm.Knewscale + _xlpm.nbparties), IF(AG3="", "", _xlpm.coef * (AG3-AG4)) )} | AH5: {=_xlfn.LET( _xlpm.K, Constantes!$B$3, _xlpm.Knewgain, Constantes!$B$4, _xlpm.Knewscale, Constantes!$B$5, _xlpm.ptstables, INDEX(AH:AH, _xlfn.SEQUENCE(COUNTA($C$2:$C5), 1, 3, 4)), _xlpm.nbparties, COUNTA(_xlfn._xlws.FILTER(_xlpm.ptstables, _xlpm.ptstables <> "")), _xlpm.coef, _xlpm.K + _xlpm.Knewgain / (_xlpm.Knewscale + _xlpm.nbparties), IF(AH3="", "", _xlpm.coef * (AH3-AH4)) )} | AI5: {=_xlfn.LET( _xlpm.K, Constantes!$B$3, _xlpm.Knewgain, Constantes!$B$4, _xlpm.Knewscale, Constantes!$B$5, _xlpm.ptstables, INDEX(AI:AI, _xlfn.SEQUENCE(COUNTA($C$2:$C5), 1, 3, 4)), _xlpm.nbparties, COUNTA(_xlfn._xlws.FILTER(_xlpm.ptstables, _xlpm.ptstables <> "")), _xlpm.coef, _xlpm.K + _xlpm.Knewgain / (_xlpm.Knewscale + _xlpm.nbparties), IF(AI3="", "", _xlpm.coef * (AI3-AI4)) )} | AJ5: {=_xlfn.LET( _xlpm.K, Constantes!$B$3, _xlpm.Knewgain, Constantes!$B$4, _xlpm.Knewscale, Constantes!$B$5, _xlpm.ptstables, INDEX(AJ:AJ, _xlfn.SEQUENCE(COUNTA($C$2:$C5), 1, 3, 4)), _xlpm.nbparties, COUNTA(_xlfn._xlws.FILTER(_xlpm.ptstables, _xlpm.ptstables <> "")), _xlpm.coef, _xlpm.K + _xlpm.Knewgain / (_xlpm.Knewscale + _xlpm.nbparties), IF(AJ3="", "", _xlpm.coef * (AJ3-AJ4)) )} | AK5: {=_xlfn.LET( _xlpm.K, Constantes!$B$3, _xlpm.Knewgain, Constantes!$B$4, _xlpm.Knewscale, Constantes!$B$5, _xlpm.ptstables, INDEX(AK:AK, _xlfn.SEQUENCE(COUNTA($C$2:$C5), 1, 3, 4)), _xlpm.nbparties, COUNTA(_xlfn._xlws.FILTER(_xlpm.ptstables, _xlpm.ptstables <> "")), _xlpm.coef, _xlpm.K + _xlpm.Knewgain / (_xlpm.Knewscale + _xlpm.nbparties), IF(AK3="", "", _xlpm.coef * (AK3-AK4)) )} | AL5: {=_xlfn.LET( _xlpm.K, Constantes!$B$3, _xlpm.Knewgain, Constantes!$B$4, _xlpm.Knewscale, Constantes!$B$5, _xlpm.ptstables, INDEX(AL:AL, _xlfn.SEQUENCE(COUNTA($C$2:$C5), 1, 3, 4)), _xlpm.nbparties, COUNTA(_xlfn._xlws.FILTER(_xlpm.ptstables, _xlpm.ptstables <> "")), _xlpm.coef, _xlpm.K + _xlpm.Knewgain / (_xlpm.Knewscale + _xlpm.nbparties), IF(AL3="", "", _xlpm.coef * (AL3-AL4)) )} | AM5: {=_xlfn.LET( _xlpm.K, Constantes!$B$3, _xlpm.Knewgain, Constantes!$B$4, _xlpm.Knewscale, Constantes!$B$5, _xlpm.ptstables, INDEX(AM:AM, _xlfn.SEQUENCE(COUNTA($C$2:$C5), 1, 3, 4)), _xlpm.nbparties, COUNTA(_xlfn._xlws.FILTER(_xlpm.ptstables, _xlpm.ptstables <> "")), _xlpm.coef, _xlpm.K + _xlpm.Knewgain / (_xlpm.Knewscale + _xlpm.nbparties), IF(AM3="", "", _xlpm.coef * (AM3-AM4)) )}
A6: Elo points | B6: {=IFERROR(_xlfn.LET( _xlpm.cola, INDEX(Donnees!F:F, _xlfn.SEQUENCE(COUNTA(Donnees!F:F), 1, 2, 4)), _xlpm.colb, INDEX(Donnees!F:F, _xlfn.SEQUENCE(COUNTA(Donnees!F:F), 1, 1, 4)), _xlpm.tab, _xlfn._xlws.FILTER(CHOOSE({1,2}, _xlpm.cola, _xlpm.colb), (_xlpm.cola<>"")*(_xlpm.colb<>"")), _xlpm.tri, _xlfn._xlws.SORT(_xlpm.tab), INDEX(_xlpm.tri, (ROW()+2)/4, 2) ), "")} -> Partie 2 | C6: {=IF(B6="","", INDEX(Donnees!F:F, MATCH(B6, Donnees!F:F, 0)+1))} -> 45903.68 | D6: =D2+IF(D5="",0,D5) -> 1010.05 | E6: =E2+IF(E5="",0,E5) -> 1132.8698 | F6: =F2+IF(F5="",0,F5) -> 906.94694 | G6: =G2+IF(G5="",0,G5) -> 986.32828 | H6: =H2+IF(H5="",0,H5) -> 1075.79 | I6: =I2+IF(I5="",0,I5) -> 1000 | J6: =J2+IF(J5="",0,J5) -> 1030.135 | K6: =K2+IF(K5="",0,K5) -> 923.36 | ... AM6: =AM2+IF(AM5="",0,AM5) -> 1000
A7: Table points | D7: {=IFERROR( _xlfn.LET( _xlpm.ligpartie, MATCH($B6, Donnees!$F:$F, 0), _xlpm.joueurs, INDEX(Donnees!$A:$Z, _xlpm.ligpartie+1, _xlfn.SEQUENCE(1, 4, 2)), INDEX( Donnees!$A:$Z, _xlpm.ligpartie + 3, MATCH(D$1, _xlpm.joueurs, 0) + 1 ) ), "" )} -> 0 | E7: {=IFERROR( _xlfn.LET( _xlpm.ligpartie, MATCH($B6, Donnees!$F:$F, 0), _xlpm.joueurs, INDEX(Donnees!$A:$Z, _xlpm.ligpartie+1, _xlfn.SEQUENCE(1, 4, 2)), INDEX( Donnees!$A:$Z, _xlpm.ligpartie + 3, MATCH(E$1, _xlpm.joueurs, 0) + 1 ) ), "" )} -> 2 | F7: {=IFERROR( _xlfn.LET( _xlpm.ligpartie, MATCH($B6, Donnees!$F:$F, 0), _xlpm.joueurs, INDEX(Donnees!$A:$Z, _xlpm.ligpartie+1, _xlfn.SEQUENCE(1, 4, 2)), INDEX( Donnees!$A:$Z, _xlpm.ligpartie + 3, MATCH(F$1, _xlpm.joueurs, 0) + 1 ) ), "" )} -> 1 | G7: {=IFERROR( _xlfn.LET( _xlpm.ligpartie, MATCH($B6, Donnees!$F:$F, 0), _xlpm.joueurs, INDEX(Donnees!$A:$Z, _xlpm.ligpartie+1, _xlfn.SEQUENCE(1, 4, 2)), INDEX( Donnees!$A:$Z, _xlpm.ligpartie + 3, MATCH(G$1, _xlpm.joueurs, 0) + 1 ) ), "" )} -> 3 | H7: {=IFERROR( _xlfn.LET( _xlpm.ligpartie, MATCH($B6, Donnees!$F:$F, 0), _xlpm.joueurs, INDEX(Donnees!$A:$Z, _xlpm.ligpartie+1, _xlfn.SEQUENCE(1, 4, 2)), INDEX( Donnees!$A:$Z, _xlpm.ligpartie + 3, MATCH(H$1, _xlpm.joueurs, 0) + 1 ) ), "" )} | I7: {=IFERROR( _xlfn.LET( _xlpm.ligpartie, MATCH($B6, Donnees!$F:$F, 0), _xlpm.joueurs, INDEX(Donnees!$A:$Z, _xlpm.ligpartie+1, _xlfn.SEQUENCE(1, 4, 2)), INDEX( Donnees!$A:$Z, _xlpm.ligpartie + 3, MATCH(I$1, _xlpm.joueurs, 0) + 1 ) ), "" )} | J7: {=IFERROR( _xlfn.LET( _xlpm.ligpartie, MATCH($B6, Donnees!$F:$F, 0), _xlpm.joueurs, INDEX(Donnees!$A:$Z, _xlpm.ligpartie+1, _xlfn.SEQUENCE(1, 4, 2)), INDEX( Donnees!$A:$Z, _xlpm.ligpartie + 3, MATCH(J$1, _xlpm.joueurs, 0) + 1 ) ), "" )} | K7: {=IFERROR( _xlfn.LET( _xlpm.ligpartie, MATCH($B6, Donnees!$F:$F, 0), _xlpm.joueurs, INDEX(Donnees!$A:$Z, _xlpm.ligpartie+1, _xlfn.SEQUENCE(1, 4, 2)), INDEX( Donnees!$A:$Z, _xlpm.ligpartie + 3, MATCH(K$1, _xlpm.joueurs, 0) + 1 ) ), "" )} | ... AM7: {=IFERROR( _xlfn.LET( _xlpm.ligpartie, MATCH($B6, Donnees!$F:$F, 0), _xlpm.joueurs, INDEX(Donnees!$A:$Z, _xlpm.ligpartie+1, _xlfn.SEQUENCE(1, 4, 2)), INDEX( Donnees!$A:$Z, _xlpm.ligpartie + 3, MATCH(AM$1, _xlpm.joueurs, 0) + 1 ) ), "" )}
A8: Awaited perf | D8: {=_xlfn.LET( _xlpm.colj, _xlfn._xlws.FILTER(IF(ISNUMBER(7:7), COLUMN(7:7)), ISNUMBER(7:7)), _xlpm.elos, INDEX(6:6,1,_xlpm.colj), _xlpm.diffscale, Constantes!$B$2, IF(D7="", "", SUM(1/(1+POWER(10,-(D6-_xlpm.elos)/_xlpm.diffscale)))-0.5) )} -> 1.5085155 | E8: {=_xlfn.LET( _xlpm.colj, _xlfn._xlws.FILTER(IF(ISNUMBER(7:7), COLUMN(7:7)), ISNUMBER(7:7)), _xlpm.elos, INDEX(6:6,1,_xlpm.colj), _xlpm.diffscale, Constantes!$B$2, IF(E7="", "", SUM(1/(1+POWER(10,-(E6-_xlpm.elos)/_xlpm.diffscale)))-0.5) )} -> 2.1548762 | F8: {=_xlfn.LET( _xlpm.colj, _xlfn._xlws.FILTER(IF(ISNUMBER(7:7), COLUMN(7:7)), ISNUMBER(7:7)), _xlpm.elos, INDEX(6:6,1,_xlpm.colj), _xlpm.diffscale, Constantes!$B$2, IF(F7="", "", SUM(1/(1+POWER(10,-(F6-_xlpm.elos)/_xlpm.diffscale)))-0.5) )} -> 0.95761652 | G8: {=_xlfn.LET( _xlpm.colj, _xlfn._xlws.FILTER(IF(ISNUMBER(7:7), COLUMN(7:7)), ISNUMBER(7:7)), _xlpm.elos, INDEX(6:6,1,_xlpm.colj), _xlpm.diffscale, Constantes!$B$2, IF(G7="", "", SUM(1/(1+POWER(10,-(G6-_xlpm.elos)/_xlpm.diffscale)))-0.5) )} -> 1.3789918 | H8: {=_xlfn.LET( _xlpm.colj, _xlfn._xlws.FILTER(IF(ISNUMBER(7:7), COLUMN(7:7)), ISNUMBER(7:7)), _xlpm.elos, INDEX(6:6,1,_xlpm.colj), _xlpm.diffscale, Constantes!$B$2, IF(H7="", "", SUM(1/(1+POWER(10,-(H6-_xlpm.elos)/_xlpm.diffscale)))-0.5) )} | I8: {=_xlfn.LET( _xlpm.colj, _xlfn._xlws.FILTER(IF(ISNUMBER(7:7), COLUMN(7:7)), ISNUMBER(7:7)), _xlpm.elos, INDEX(6:6,1,_xlpm.colj), _xlpm.diffscale, Constantes!$B$2, IF(I7="", "", SUM(1/(1+POWER(10,-(I6-_xlpm.elos)/_xlpm.diffscale)))-0.5) )} | J8: {=_xlfn.LET( _xlpm.colj, _xlfn._xlws.FILTER(IF(ISNUMBER(7:7), COLUMN(7:7)), ISNUMBER(7:7)), _xlpm.elos, INDEX(6:6,1,_xlpm.colj), _xlpm.diffscale, Constantes!$B$2, IF(J7="", "", SUM(1/(1+POWER(10,-(J6-_xlpm.elos)/_xlpm.diffscale)))-0.5) )} | K8: {=_xlfn.LET( _xlpm.colj, _xlfn._xlws.FILTER(IF(ISNUMBER(7:7), COLUMN(7:7)), ISNUMBER(7:7)), _xlpm.elos, INDEX(6:6,1,_xlpm.colj), _xlpm.diffscale, Constantes!$B$2, IF(K7="", "", SUM(1/(1+POWER(10,-(K6-_xlpm.elos)/_xlpm.diffscale)))-0.5) )} | ... AM8: {=_xlfn.LET( _xlpm.colj, _xlfn._xlws.FILTER(IF(ISNUMBER(7:7), COLUMN(7:7)), ISNUMBER(7:7)), _xlpm.elos, INDEX(6:6,1,_xlpm.colj), _xlpm.diffscale, Constantes!$B$2, IF(AM7="", "", SUM(1/(1+POWER(10,-(AM6-_xlpm.elos)/_xlpm.diffscale)))-0.5) )}
A9: Elo gain | D9: {=_xlfn.LET( _xlpm.K, Constantes!$B$3, _xlpm.Knewgain, Constantes!$B$4, _xlpm.Knewscale, Constantes!$B$5, _xlpm.ptstables, INDEX(D:D, _xlfn.SEQUENCE(COUNTA($C$2:$C9), 1, 3, 4)), _xlpm.nbparties, COUNTA(_xlfn._xlws.FILTER(_xlpm.ptstables, _xlpm.ptstables <> "")), _xlpm.coef, _xlpm.K + _xlpm.Knewgain / (_xlpm.Knewscale + _xlpm.nbparties), IF(D7="", "", _xlpm.coef * (D7-D8)) )} -> -55.312234 | E9: {=_xlfn.LET( _xlpm.K, Constantes!$B$3, _xlpm.Knewgain, Constantes!$B$4, _xlpm.Knewscale, Constantes!$B$5, _xlpm.ptstables, INDEX(E:E, _xlfn.SEQUENCE(COUNTA($C$2:$C9), 1, 3, 4)), _xlpm.nbparties, COUNTA(_xlfn._xlws.FILTER(_xlpm.ptstables, _xlpm.ptstables <> "")), _xlpm.coef, _xlpm.K + _xlpm.Knewgain / (_xlpm.Knewscale + _xlpm.nbparties), IF(E7="", "", _xlpm.coef * (E7-E8)) )} -> -5.6787943 | F9: {=_xlfn.LET( _xlpm.K, Constantes!$B$3, _xlpm.Knewgain, Constantes!$B$4, _xlpm.Knewscale, Constantes!$B$5, _xlpm.ptstables, INDEX(F:F, _xlfn.SEQUENCE(COUNTA($C$2:$C9), 1, 3, 4)), _xlpm.nbparties, COUNTA(_xlfn._xlws.FILTER(_xlpm.ptstables, _xlpm.ptstables <> "")), _xlpm.coef, _xlpm.K + _xlpm.Knewgain / (_xlpm.Knewscale + _xlpm.nbparties), IF(F7="", "", _xlpm.coef * (F7-F8)) )} -> 1.5540611 | G9: {=_xlfn.LET( _xlpm.K, Constantes!$B$3, _xlpm.Knewgain, Constantes!$B$4, _xlpm.Knewscale, Constantes!$B$5, _xlpm.ptstables, INDEX(G:G, _xlfn.SEQUENCE(COUNTA($C$2:$C9), 1, 3, 4)), _xlpm.nbparties, COUNTA(_xlfn._xlws.FILTER(_xlpm.ptstables, _xlpm.ptstables <> "")), _xlpm.coef, _xlpm.K + _xlpm.Knewgain / (_xlpm.Knewscale + _xlpm.nbparties), IF(G7="", "", _xlpm.coef * (G7-G8)) )} -> 59.436968 | H9: {=_xlfn.LET( _xlpm.K, Constantes!$B$3, _xlpm.Knewgain, Constantes!$B$4, _xlpm.Knewscale, Constantes!$B$5, _xlpm.ptstables, INDEX(H:H, _xlfn.SEQUENCE(COUNTA($C$2:$C9), 1, 3, 4)), _xlpm.nbparties, COUNTA(_xlfn._xlws.FILTER(_xlpm.ptstables, _xlpm.ptstables <> "")), _xlpm.coef, _xlpm.K + _xlpm.Knewgain / (_xlpm.Knewscale + _xlpm.nbparties), IF(H7="", "", _xlpm.coef * (H7-H8)) )} | I9: {=_xlfn.LET( _xlpm.K, Constantes!$B$3, _xlpm.Knewgain, Constantes!$B$4, _xlpm.Knewscale, Constantes!$B$5, _xlpm.ptstables, INDEX(I:I, _xlfn.SEQUENCE(COUNTA($C$2:$C9), 1, 3, 4)), _xlpm.nbparties, COUNTA(_xlfn._xlws.FILTER(_xlpm.ptstables, _xlpm.ptstables <> "")), _xlpm.coef, _xlpm.K + _xlpm.Knewgain / (_xlpm.Knewscale + _xlpm.nbparties), IF(I7="", "", _xlpm.coef * (I7-I8)) )} | J9: {=_xlfn.LET( _xlpm.K, Constantes!$B$3, _xlpm.Knewgain, Constantes!$B$4, _xlpm.Knewscale, Constantes!$B$5, _xlpm.ptstables, INDEX(J:J, _xlfn.SEQUENCE(COUNTA($C$2:$C9), 1, 3, 4)), _xlpm.nbparties, COUNTA(_xlfn._xlws.FILTER(_xlpm.ptstables, _xlpm.ptstables <> "")), _xlpm.coef, _xlpm.K + _xlpm.Knewgain / (_xlpm.Knewscale + _xlpm.nbparties), IF(J7="", "", _xlpm.coef * (J7-J8)) )} | K9: {=_xlfn.LET( _xlpm.K, Constantes!$B$3, _xlpm.Knewgain, Constantes!$B$4, _xlpm.Knewscale, Constantes!$B$5, _xlpm.ptstables, INDEX(K:K, _xlfn.SEQUENCE(COUNTA($C$2:$C9), 1, 3, 4)), _xlpm.nbparties, COUNTA(_xlfn._xlws.FILTER(_xlpm.ptstables, _xlpm.ptstables <> "")), _xlpm.coef, _xlpm.K + _xlpm.Knewgain / (_xlpm.Knewscale + _xlpm.nbparties), IF(K7="", "", _xlpm.coef * (K7-K8)) )} | L9: {=_xlfn.LET( _xlpm.K, Constantes!$B$3, _xlpm.Knewgain, Constantes!$B$4, _xlpm.Knewscale, Constantes!$B$5, _xlpm.ptstables, INDEX(L:L, _xlfn.SEQUENCE(COUNTA($C$2:$C9), 1, 3, 4)), _xlpm.nbparties, COUNTA(_xlfn._xlws.FILTER(_xlpm.ptstables, _xlpm.ptstables <> "")), _xlpm.coef, _xlpm.K + _xlpm.Knewgain / (_xlpm.Knewscale + _xlpm.nbparties), IF(L7="", "", _xlpm.coef * (L7-L8)) )} | M9: {=_xlfn.LET( _xlpm.K, Constantes!$B$3, _xlpm.Knewgain, Constantes!$B$4, _xlpm.Knewscale, Constantes!$B$5, _xlpm.ptstables, INDEX(M:M, _xlfn.SEQUENCE(COUNTA($C$2:$C9), 1, 3, 4)), _xlpm.nbparties, COUNTA(_xlfn._xlws.FILTER(_xlpm.ptstables, _xlpm.ptstables <> "")), _xlpm.coef, _xlpm.K + _xlpm.Knewgain / (_xlpm.Knewscale + _xlpm.nbparties), IF(M7="", "", _xlpm.coef * (M7-M8)) )} | N9: {=_xlfn.LET( _xlpm.K, Constantes!$B$3, _xlpm.Knewgain, Constantes!$B$4, _xlpm.Knewscale, Constantes!$B$5, _xlpm.ptstables, INDEX(N:N, _xlfn.SEQUENCE(COUNTA($C$2:$C9), 1, 3, 4)), _xlpm.nbparties, COUNTA(_xlfn._xlws.FILTER(_xlpm.ptstables, _xlpm.ptstables <> "")), _xlpm.coef, _xlpm.K + _xlpm.Knewgain / (_xlpm.Knewscale + _xlpm.nbparties), IF(N7="", "", _xlpm.coef * (N7-N8)) )} | O9: {=_xlfn.LET( _xlpm.K, Constantes!$B$3, _xlpm.Knewgain, Constantes!$B$4, _xlpm.Knewscale, Constantes!$B$5, _xlpm.ptstables, INDEX(O:O, _xlfn.SEQUENCE(COUNTA($C$2:$C9), 1, 3, 4)), _xlpm.nbparties, COUNTA(_xlfn._xlws.FILTER(_xlpm.ptstables, _xlpm.ptstables <> "")), _xlpm.coef, _xlpm.K + _xlpm.Knewgain / (_xlpm.Knewscale + _xlpm.nbparties), IF(O7="", "", _xlpm.coef * (O7-O8)) )} | P9: {=_xlfn.LET( _xlpm.K, Constantes!$B$3, _xlpm.Knewgain, Constantes!$B$4, _xlpm.Knewscale, Constantes!$B$5, _xlpm.ptstables, INDEX(P:P, _xlfn.SEQUENCE(COUNTA($C$2:$C9), 1, 3, 4)), _xlpm.nbparties, COUNTA(_xlfn._xlws.FILTER(_xlpm.ptstables, _xlpm.ptstables <> "")), _xlpm.coef, _xlpm.K + _xlpm.Knewgain / (_xlpm.Knewscale + _xlpm.nbparties), IF(P7="", "", _xlpm.coef * (P7-P8)) )} | Q9: {=_xlfn.LET( _xlpm.K, Constantes!$B$3, _xlpm.Knewgain, Constantes!$B$4, _xlpm.Knewscale, Constantes!$B$5, _xlpm.ptstables, INDEX(Q:Q, _xlfn.SEQUENCE(COUNTA($C$2:$C9), 1, 3, 4)), _xlpm.nbparties, COUNTA(_xlfn._xlws.FILTER(_xlpm.ptstables, _xlpm.ptstables <> "")), _xlpm.coef, _xlpm.K + _xlpm.Knewgain / (_xlpm.Knewscale + _xlpm.nbparties), IF(Q7="", "", _xlpm.coef * (Q7-Q8)) )} | R9: {=_xlfn.LET( _xlpm.K, Constantes!$B$3, _xlpm.Knewgain, Constantes!$B$4, _xlpm.Knewscale, Constantes!$B$5, _xlpm.ptstables, INDEX(R:R, _xlfn.SEQUENCE(COUNTA($C$2:$C9), 1, 3, 4)), _xlpm.nbparties, COUNTA(_xlfn._xlws.FILTER(_xlpm.ptstables, _xlpm.ptstables <> "")), _xlpm.coef, _xlpm.K + _xlpm.Knewgain / (_xlpm.Knewscale + _xlpm.nbparties), IF(R7="", "", _xlpm.coef * (R7-R8)) )} | S9: {=_xlfn.LET( _xlpm.K, Constantes!$B$3, _xlpm.Knewgain, Constantes!$B$4, _xlpm.Knewscale, Constantes!$B$5, _xlpm.ptstables, INDEX(S:S, _xlfn.SEQUENCE(COUNTA($C$2:$C9), 1, 3, 4)), _xlpm.nbparties, COUNTA(_xlfn._xlws.FILTER(_xlpm.ptstables, _xlpm.ptstables <> "")), _xlpm.coef, _xlpm.K + _xlpm.Knewgain / (_xlpm.Knewscale + _xlpm.nbparties), IF(S7="", "", _xlpm.coef * (S7-S8)) )} | T9: {=_xlfn.LET( _xlpm.K, Constantes!$B$3, _xlpm.Knewgain, Constantes!$B$4, _xlpm.Knewscale, Constantes!$B$5, _xlpm.ptstables, INDEX(T:T, _xlfn.SEQUENCE(COUNTA($C$2:$C9), 1, 3, 4)), _xlpm.nbparties, COUNTA(_xlfn._xlws.FILTER(_xlpm.ptstables, _xlpm.ptstables <> "")), _xlpm.coef, _xlpm.K + _xlpm.Knewgain / (_xlpm.Knewscale + _xlpm.nbparties), IF(T7="", "", _xlpm.coef * (T7-T8)) )} | U9: {=_xlfn.LET( _xlpm.K, Constantes!$B$3, _xlpm.Knewgain, Constantes!$B$4, _xlpm.Knewscale, Constantes!$B$5, _xlpm.ptstables, INDEX(U:U, _xlfn.SEQUENCE(COUNTA($C$2:$C9), 1, 3, 4)), _xlpm.nbparties, COUNTA(_xlfn._xlws.FILTER(_xlpm.ptstables, _xlpm.ptstables <> "")), _xlpm.coef, _xlpm.K + _xlpm.Knewgain / (_xlpm.Knewscale + _xlpm.nbparties), IF(U7="", "", _xlpm.coef * (U7-U8)) )} | V9: {=_xlfn.LET( _xlpm.K, Constantes!$B$3, _xlpm.Knewgain, Constantes!$B$4, _xlpm.Knewscale, Constantes!$B$5, _xlpm.ptstables, INDEX(V:V, _xlfn.SEQUENCE(COUNTA($C$2:$C9), 1, 3, 4)), _xlpm.nbparties, COUNTA(_xlfn._xlws.FILTER(_xlpm.ptstables, _xlpm.ptstables <> "")), _xlpm.coef, _xlpm.K + _xlpm.Knewgain / (_xlpm.Knewscale + _xlpm.nbparties), IF(V7="", "", _xlpm.coef * (V7-V8)) )} | W9: {=_xlfn.LET( _xlpm.K, Constantes!$B$3, _xlpm.Knewgain, Constantes!$B$4, _xlpm.Knewscale, Constantes!$B$5, _xlpm.ptstables, INDEX(W:W, _xlfn.SEQUENCE(COUNTA($C$2:$C9), 1, 3, 4)), _xlpm.nbparties, COUNTA(_xlfn._xlws.FILTER(_xlpm.ptstables, _xlpm.ptstables <> "")), _xlpm.coef, _xlpm.K + _xlpm.Knewgain / (_xlpm.Knewscale + _xlpm.nbparties), IF(W7="", "", _xlpm.coef * (W7-W8)) )} | X9: {=_xlfn.LET( _xlpm.K, Constantes!$B$3, _xlpm.Knewgain, Constantes!$B$4, _xlpm.Knewscale, Constantes!$B$5, _xlpm.ptstables, INDEX(X:X, _xlfn.SEQUENCE(COUNTA($C$2:$C9), 1, 3, 4)), _xlpm.nbparties, COUNTA(_xlfn._xlws.FILTER(_xlpm.ptstables, _xlpm.ptstables <> "")), _xlpm.coef, _xlpm.K + _xlpm.Knewgain / (_xlpm.Knewscale + _xlpm.nbparties), IF(X7="", "", _xlpm.coef * (X7-X8)) )} | Y9: {=_xlfn.LET( _xlpm.K, Constantes!$B$3, _xlpm.Knewgain, Constantes!$B$4, _xlpm.Knewscale, Constantes!$B$5, _xlpm.ptstables, INDEX(Y:Y, _xlfn.SEQUENCE(COUNTA($C$2:$C9), 1, 3, 4)), _xlpm.nbparties, COUNTA(_xlfn._xlws.FILTER(_xlpm.ptstables, _xlpm.ptstables <> "")), _xlpm.coef, _xlpm.K + _xlpm.Knewgain / (_xlpm.Knewscale + _xlpm.nbparties), IF(Y7="", "", _xlpm.coef * (Y7-Y8)) )} | Z9: {=_xlfn.LET( _xlpm.K, Constantes!$B$3, _xlpm.Knewgain, Constantes!$B$4, _xlpm.Knewscale, Constantes!$B$5, _xlpm.ptstables, INDEX(Z:Z, _xlfn.SEQUENCE(COUNTA($C$2:$C9), 1, 3, 4)), _xlpm.nbparties, COUNTA(_xlfn._xlws.FILTER(_xlpm.ptstables, _xlpm.ptstables <> "")), _xlpm.coef, _xlpm.K + _xlpm.Knewgain / (_xlpm.Knewscale + _xlpm.nbparties), IF(Z7="", "", _xlpm.coef * (Z7-Z8)) )} | AA9: {=_xlfn.LET( _xlpm.K, Constantes!$B$3, _xlpm.Knewgain, Constantes!$B$4, _xlpm.Knewscale, Constantes!$B$5, _xlpm.ptstables, INDEX(AA:AA, _xlfn.SEQUENCE(COUNTA($C$2:$C9), 1, 3, 4)), _xlpm.nbparties, COUNTA(_xlfn._xlws.FILTER(_xlpm.ptstables, _xlpm.ptstables <> "")), _xlpm.coef, _xlpm.K + _xlpm.Knewgain / (_xlpm.Knewscale + _xlpm.nbparties), IF(AA7="", "", _xlpm.coef * (AA7-AA8)) )} | AB9: {=_xlfn.LET( _xlpm.K, Constantes!$B$3, _xlpm.Knewgain, Constantes!$B$4, _xlpm.Knewscale, Constantes!$B$5, _xlpm.ptstables, INDEX(AB:AB, _xlfn.SEQUENCE(COUNTA($C$2:$C9), 1, 3, 4)), _xlpm.nbparties, COUNTA(_xlfn._xlws.FILTER(_xlpm.ptstables, _xlpm.ptstables <> "")), _xlpm.coef, _xlpm.K + _xlpm.Knewgain / (_xlpm.Knewscale + _xlpm.nbparties), IF(AB7="", "", _xlpm.coef * (AB7-AB8)) )} | AC9: {=_xlfn.LET( _xlpm.K, Constantes!$B$3, _xlpm.Knewgain, Constantes!$B$4, _xlpm.Knewscale, Constantes!$B$5, _xlpm.ptstables, INDEX(AC:AC, _xlfn.SEQUENCE(COUNTA($C$2:$C9), 1, 3, 4)), _xlpm.nbparties, COUNTA(_xlfn._xlws.FILTER(_xlpm.ptstables, _xlpm.ptstables <> "")), _xlpm.coef, _xlpm.K + _xlpm.Knewgain / (_xlpm.Knewscale + _xlpm.nbparties), IF(AC7="", "", _xlpm.coef * (AC7-AC8)) )} | AD9: {=_xlfn.LET( _xlpm.K, Constantes!$B$3, _xlpm.Knewgain, Constantes!$B$4, _xlpm.Knewscale, Constantes!$B$5, _xlpm.ptstables, INDEX(AD:AD, _xlfn.SEQUENCE(COUNTA($C$2:$C9), 1, 3, 4)), _xlpm.nbparties, COUNTA(_xlfn._xlws.FILTER(_xlpm.ptstables, _xlpm.ptstables <> "")), _xlpm.coef, _xlpm.K + _xlpm.Knewgain / (_xlpm.Knewscale + _xlpm.nbparties), IF(AD7="", "", _xlpm.coef * (AD7-AD8)) )} | AE9: {=_xlfn.LET( _xlpm.K, Constantes!$B$3, _xlpm.Knewgain, Constantes!$B$4, _xlpm.Knewscale, Constantes!$B$5, _xlpm.ptstables, INDEX(AE:AE, _xlfn.SEQUENCE(COUNTA($C$2:$C9), 1, 3, 4)), _xlpm.nbparties, COUNTA(_xlfn._xlws.FILTER(_xlpm.ptstables, _xlpm.ptstables <> "")), _xlpm.coef, _xlpm.K + _xlpm.Knewgain / (_xlpm.Knewscale + _xlpm.nbparties), IF(AE7="", "", _xlpm.coef * (AE7-AE8)) )} | AF9: {=_xlfn.LET( _xlpm.K, Constantes!$B$3, _xlpm.Knewgain, Constantes!$B$4, _xlpm.Knewscale, Constantes!$B$5, _xlpm.ptstables, INDEX(AF:AF, _xlfn.SEQUENCE(COUNTA($C$2:$C9), 1, 3, 4)), _xlpm.nbparties, COUNTA(_xlfn._xlws.FILTER(_xlpm.ptstables, _xlpm.ptstables <> "")), _xlpm.coef, _xlpm.K + _xlpm.Knewgain / (_xlpm.Knewscale + _xlpm.nbparties), IF(AF7="", "", _xlpm.coef * (AF7-AF8)) )} | AG9: {=_xlfn.LET( _xlpm.K, Constantes!$B$3, _xlpm.Knewgain, Constantes!$B$4, _xlpm.Knewscale, Constantes!$B$5, _xlpm.ptstables, INDEX(AG:AG, _xlfn.SEQUENCE(COUNTA($C$2:$C9), 1, 3, 4)), _xlpm.nbparties, COUNTA(_xlfn._xlws.FILTER(_xlpm.ptstables, _xlpm.ptstables <> "")), _xlpm.coef, _xlpm.K + _xlpm.Knewgain / (_xlpm.Knewscale + _xlpm.nbparties), IF(AG7="", "", _xlpm.coef * (AG7-AG8)) )} | AH9: {=_xlfn.LET( _xlpm.K, Constantes!$B$3, _xlpm.Knewgain, Constantes!$B$4, _xlpm.Knewscale, Constantes!$B$5, _xlpm.ptstables, INDEX(AH:AH, _xlfn.SEQUENCE(COUNTA($C$2:$C9), 1, 3, 4)), _xlpm.nbparties, COUNTA(_xlfn._xlws.FILTER(_xlpm.ptstables, _xlpm.ptstables <> "")), _xlpm.coef, _xlpm.K + _xlpm.Knewgain / (_xlpm.Knewscale + _xlpm.nbparties), IF(AH7="", "", _xlpm.coef * (AH7-AH8)) )} | AI9: {=_xlfn.LET( _xlpm.K, Constantes!$B$3, _xlpm.Knewgain, Constantes!$B$4, _xlpm.Knewscale, Constantes!$B$5, _xlpm.ptstables, INDEX(AI:AI, _xlfn.SEQUENCE(COUNTA($C$2:$C9), 1, 3, 4)), _xlpm.nbparties, COUNTA(_xlfn._xlws.FILTER(_xlpm.ptstables, _xlpm.ptstables <> "")), _xlpm.coef, _xlpm.K + _xlpm.Knewgain / (_xlpm.Knewscale + _xlpm.nbparties), IF(AI7="", "", _xlpm.coef * (AI7-AI8)) )} | AJ9: {=_xlfn.LET( _xlpm.K, Constantes!$B$3, _xlpm.Knewgain, Constantes!$B$4, _xlpm.Knewscale, Constantes!$B$5, _xlpm.ptstables, INDEX(AJ:AJ, _xlfn.SEQUENCE(COUNTA($C$2:$C9), 1, 3, 4)), _xlpm.nbparties, COUNTA(_xlfn._xlws.FILTER(_xlpm.ptstables, _xlpm.ptstables <> "")), _xlpm.coef, _xlpm.K + _xlpm.Knewgain / (_xlpm.Knewscale + _xlpm.nbparties), IF(AJ7="", "", _xlpm.coef * (AJ7-AJ8)) )} | AK9: {=_xlfn.LET( _xlpm.K, Constantes!$B$3, _xlpm.Knewgain, Constantes!$B$4, _xlpm.Knewscale, Constantes!$B$5, _xlpm.ptstables, INDEX(AK:AK, _xlfn.SEQUENCE(COUNTA($C$2:$C9), 1, 3, 4)), _xlpm.nbparties, COUNTA(_xlfn._xlws.FILTER(_xlpm.ptstables, _xlpm.ptstables <> "")), _xlpm.coef, _xlpm.K + _xlpm.Knewgain / (_xlpm.Knewscale + _xlpm.nbparties), IF(AK7="", "", _xlpm.coef * (AK7-AK8)) )} | AL9: {=_xlfn.LET( _xlpm.K, Constantes!$B$3, _xlpm.Knewgain, Constantes!$B$4, _xlpm.Knewscale, Constantes!$B$5, _xlpm.ptstables, INDEX(AL:AL, _xlfn.SEQUENCE(COUNTA($C$2:$C9), 1, 3, 4)), _xlpm.nbparties, COUNTA(_xlfn._xlws.FILTER(_xlpm.ptstables, _xlpm.ptstables <> "")), _xlpm.coef, _xlpm.K + _xlpm.Knewgain / (_xlpm.Knewscale + _xlpm.nbparties), IF(AL7="", "", _xlpm.coef * (AL7-AL8)) )} | AM9: {=_xlfn.LET( _xlpm.K, Constantes!$B$3, _xlpm.Knewgain, Constantes!$B$4, _xlpm.Knewscale, Constantes!$B$5, _xlpm.ptstables, INDEX(AM:AM, _xlfn.SEQUENCE(COUNTA($C$2:$C9), 1, 3, 4)), _xlpm.nbparties, COUNTA(_xlfn._xlws.FILTER(_xlpm.ptstables, _xlpm.ptstables <> "")), _xlpm.coef, _xlpm.K + _xlpm.Knewgain / (_xlpm.Knewscale + _xlpm.nbparties), IF(AM7="", "", _xlpm.coef * (AM7-AM8)) )}
A10: Elo points | B10: {=IFERROR(_xlfn.LET( _xlpm.cola, INDEX(Donnees!F:F, _xlfn.SEQUENCE(COUNTA(Donnees!F:F), 1, 2, 4)), _xlpm.colb, INDEX(Donnees!F:F, _xlfn.SEQUENCE(COUNTA(Donnees!F:F), 1, 1, 4)), _xlpm.tab, _xlfn._xlws.FILTER(CHOOSE({1,2}, _xlpm.cola, _xlpm.colb), (_xlpm.cola<>"")*(_xlpm.colb<>"")), _xlpm.tri, _xlfn._xlws.SORT(_xlpm.tab), INDEX(_xlpm.tri, (ROW()+2)/4, 2) ), "")} -> Partie 3 | C10: {=IF(B10="","", INDEX(Donnees!F:F, MATCH(B10, Donnees!F:F, 0)+1))} -> 45904.608 | D10: =D6+IF(D9="",0,D9) -> 954.73774 | E10: =E6+IF(E9="",0,E9) -> 1127.191 | F10: =F6+IF(F9="",0,F9) -> 908.501 | G10: =G6+IF(G9="",0,G9) -> 1045.7652 | H10: =H6+IF(H9="",0,H9) -> 1075.79 | I10: =I6+IF(I9="",0,I9) -> 1000 | J10: =J6+IF(J9="",0,J9) -> 1030.135 | K10: =K6+IF(K9="",0,K9) -> 923.36 | ... AM10: =AM6+IF(AM9="",0,AM9) -> 1000
A11: Table points | D11: {=IFERROR( _xlfn.LET( _xlpm.ligpartie, MATCH($B10, Donnees!$F:$F, 0), _xlpm.joueurs, INDEX(Donnees!$A:$Z, _xlpm.ligpartie+1, _xlfn.SEQUENCE(1, 4, 2)), INDEX( Donnees!$A:$Z, _xlpm.ligpartie + 3, MATCH(D$1, _xlpm.joueurs, 0) + 1 ) ), "" )} | E11: {=IFERROR( _xlfn.LET( _xlpm.ligpartie, MATCH($B10, Donnees!$F:$F, 0), _xlpm.joueurs, INDEX(Donnees!$A:$Z, _xlpm.ligpartie+1, _xlfn.SEQUENCE(1, 4, 2)), INDEX( Donnees!$A:$Z, _xlpm.ligpartie + 3, MATCH(E$1, _xlpm.joueurs, 0) + 1 ) ), "" )} -> 2 | F11: {=IFERROR( _xlfn.LET( _xlpm.ligpartie, MATCH($B10, Donnees!$F:$F, 0), _xlpm.joueurs, INDEX(Donnees!$A:$Z, _xlpm.ligpartie+1, _xlfn.SEQUENCE(1, 4, 2)), INDEX( Donnees!$A:$Z, _xlpm.ligpartie + 3, MATCH(F$1, _xlpm.joueurs, 0) + 1 ) ), "" )} -> 0 | G11: {=IFERROR( _xlfn.LET( _xlpm.ligpartie, MATCH($B10, Donnees!$F:$F, 0), _xlpm.joueurs, INDEX(Donnees!$A:$Z, _xlpm.ligpartie+1, _xlfn.SEQUENCE(1, 4, 2)), INDEX( Donnees!$A:$Z, _xlpm.ligpartie + 3, MATCH(G$1, _xlpm.joueurs, 0) + 1 ) ), "" )} -> 3 | H11: {=IFERROR( _xlfn.LET( _xlpm.ligpartie, MATCH($B10, Donnees!$F:$F, 0), _xlpm.joueurs, INDEX(Donnees!$A:$Z, _xlpm.ligpartie+1, _xlfn.SEQUENCE(1, 4, 2)), INDEX( Donnees!$A:$Z, _xlpm.ligpartie + 3, MATCH(H$1, _xlpm.joueurs, 0) + 1 ) ), "" )} -> 1 | I11: {=IFERROR( _xlfn.LET( _xlpm.ligpartie, MATCH($B10, Donnees!$F:$F, 0), _xlpm.joueurs, INDEX(Donnees!$A:$Z, _xlpm.ligpartie+1, _xlfn.SEQUENCE(1, 4, 2)), INDEX( Donnees!$A:$Z, _xlpm.ligpartie + 3, MATCH(I$1, _xlpm.joueurs, 0) + 1 ) ), "" )} | J11: {=IFERROR( _xlfn.LET( _xlpm.ligpartie, MATCH($B10, Donnees!$F:$F, 0), _xlpm.joueurs, INDEX(Donnees!$A:$Z, _xlpm.ligpartie+1, _xlfn.SEQUENCE(1, 4, 2)), INDEX( Donnees!$A:$Z, _xlpm.ligpartie + 3, MATCH(J$1, _xlpm.joueurs, 0) + 1 ) ), "" )} | K11: {=IFERROR( _xlfn.LET( _xlpm.ligpartie, MATCH($B10, Donnees!$F:$F, 0), _xlpm.joueurs, INDEX(Donnees!$A:$Z, _xlpm.ligpartie+1, _xlfn.SEQUENCE(1, 4, 2)), INDEX( Donnees!$A:$Z, _xlpm.ligpartie + 3, MATCH(K$1, _xlpm.joueurs, 0) + 1 ) ), "" )} | ... AM11: {=IFERROR( _xlfn.LET( _xlpm.ligpartie, MATCH($B10, Donnees!$F:$F, 0), _xlpm.joueurs, INDEX(Donnees!$A:$Z, _xlpm.ligpartie+1, _xlfn.SEQUENCE(1, 4, 2)), INDEX( Donnees!$A:$Z, _xlpm.ligpartie + 3, MATCH(AM$1, _xlpm.joueurs, 0) + 1 ) ), "" )}
A12: Awaited perf | D12: {=_xlfn.LET( _xlpm.colj, _xlfn._xlws.FILTER(IF(ISNUMBER(11:11), COLUMN(11:11)), ISNUMBER(11:11)), _xlpm.elos, INDEX(10:10,1,_xlpm.colj), _xlpm.diffscale, Constantes!$B$2, IF(D11="", "", SUM(1/(1+POWER(10,-(D10-_xlpm.elos)/_xlpm.diffscale)))-0.5) )} | E12: {=_xlfn.LET( _xlpm.colj, _xlfn._xlws.FILTER(IF(ISNUMBER(11:11), COLUMN(11:11)), ISNUMBER(11:11)), _xlpm.elos, INDEX(10:10,1,_xlpm.colj), _xlpm.diffscale, Constantes!$B$2, IF(E11="", "", SUM(1/(1+POWER(10,-(E10-_xlpm.elos)/_xlpm.diffscale)))-0.5) )} -> 1.9673522 | F12: {=_xlfn.LET( _xlpm.colj, _xlfn._xlws.FILTER(IF(ISNUMBER(11:11), COLUMN(11:11)), ISNUMBER(11:11)), _xlpm.elos, INDEX(10:10,1,_xlpm.colj), _xlpm.diffscale, Constantes!$B$2, IF(F11="", "", SUM(1/(1+POWER(10,-(F10-_xlpm.elos)/_xlpm.diffscale)))-0.5) )} -> 0.80958101 | G12: {=_xlfn.LET( _xlpm.colj, _xlfn._xlws.FILTER(IF(ISNUMBER(11:11), COLUMN(11:11)), ISNUMBER(11:11)), _xlpm.elos, INDEX(10:10,1,_xlpm.colj), _xlpm.diffscale, Constantes!$B$2, IF(G11="", "", SUM(1/(1+POWER(10,-(G10-_xlpm.elos)/_xlpm.diffscale)))-0.5) )} -> 1.5296813 | H12: {=_xlfn.LET( _xlpm.colj, _xlfn._xlws.FILTER(IF(ISNUMBER(11:11), COLUMN(11:11)), ISNUMBER(11:11)), _xlpm.elos, INDEX(10:10,1,_xlpm.colj), _xlpm.diffscale, Constantes!$B$2, IF(H11="", "", SUM(1/(1+POWER(10,-(H10-_xlpm.elos)/_xlpm.diffscale)))-0.5) )} -> 1.6933855 | I12: {=_xlfn.LET( _xlpm.colj, _xlfn._xlws.FILTER(IF(ISNUMBER(11:11), COLUMN(11:11)), ISNUMBER(11:11)), _xlpm.elos, INDEX(10:10,1,_xlpm.colj), _xlpm.diffscale, Constantes!$B$2, IF(I11="", "", SUM(1/(1+POWER(10,-(I10-_xlpm.elos)/_xlpm.diffscale)))-0.5) )} | J12: {=_xlfn.LET( _xlpm.colj, _xlfn._xlws.FILTER(IF(ISNUMBER(11:11), COLUMN(11:11)), ISNUMBER(11:11)), _xlpm.elos, INDEX(10:10,1,_xlpm.colj), _xlpm.diffscale, Constantes!$B$2, IF(J11="", "", SUM(1/(1+POWER(10,-(J10-_xlpm.elos)/_xlpm.diffscale)))-0.5) )} | K12: {=_xlfn.LET( _xlpm.colj, _xlfn._xlws.FILTER(IF(ISNUMBER(11:11), COLUMN(11:11)), ISNUMBER(11:11)), _xlpm.elos, INDEX(10:10,1,_xlpm.colj), _xlpm.diffscale, Constantes!$B$2, IF(K11="", "", SUM(1/(1+POWER(10,-(K10-_xlpm.elos)/_xlpm.diffscale)))-0.5) )} | ... AM12: {=_xlfn.LET( _xlpm.colj, _xlfn._xlws.FILTER(IF(ISNUMBER(11:11), COLUMN(11:11)), ISNUMBER(11:11)), _xlpm.elos, INDEX(10:10,1,_xlpm.colj), _xlpm.diffscale, Constantes!$B$2, IF(AM11="", "", SUM(1/(1+POWER(10,-(AM10-_xlpm.elos)/_xlpm.diffscale)))-0.5) )}
A13: Elo gain | D13: {=_xlfn.LET( _xlpm.K, Constantes!$B$3, _xlpm.Knewgain, Constantes!$B$4, _xlpm.Knewscale, Constantes!$B$5, _xlpm.ptstables, INDEX(D:D, _xlfn.SEQUENCE(COUNTA($C$2:$C13), 1, 3, 4)), _xlpm.nbparties, COUNTA(_xlfn._xlws.FILTER(_xlpm.ptstables, _xlpm.ptstables <> "")), _xlpm.coef, _xlpm.K + _xlpm.Knewgain / (_xlpm.Knewscale + _xlpm.nbparties), IF(D11="", "", _xlpm.coef * (D11-D12)) )} | E13: {=_xlfn.LET( _xlpm.K, Constantes!$B$3, _xlpm.Knewgain, Constantes!$B$4, _xlpm.Knewscale, Constantes!$B$5, _xlpm.ptstables, INDEX(E:E, _xlfn.SEQUENCE(COUNTA($C$2:$C13), 1, 3, 4)), _xlpm.nbparties, COUNTA(_xlfn._xlws.FILTER(_xlpm.ptstables, _xlpm.ptstables <> "")), _xlpm.coef, _xlpm.K + _xlpm.Knewgain / (_xlpm.Knewscale + _xlpm.nbparties), IF(E11="", "", _xlpm.coef * (E11-E12)) )} -> 1.0610534 | F13: {=_xlfn.LET( _xlpm.K, Constantes!$B$3, _xlpm.Knewgain, Constantes!$B$4, _xlpm.Knewscale, Constantes!$B$5, _xlpm.ptstables, INDEX(F:F, _xlfn.SEQUENCE(COUNTA($C$2:$C13), 1, 3, 4)), _xlpm.nbparties, COUNTA(_xlfn._xlws.FILTER(_xlpm.ptstables, _xlpm.ptstables <> "")), _xlpm.coef, _xlpm.K + _xlpm.Knewgain / (_xlpm.Knewscale + _xlpm.nbparties), IF(F11="", "", _xlpm.coef * (F11-F12)) )} -> -26.311383 | G13: {=_xlfn.LET( _xlpm.K, Constantes!$B$3, _xlpm.Knewgain, Constantes!$B$4, _xlpm.Knewscale, Constantes!$B$5, _xlpm.ptstables, INDEX(G:G, _xlfn.SEQUENCE(COUNTA($C$2:$C13), 1, 3, 4)), _xlpm.nbparties, COUNTA(_xlfn._xlws.FILTER(_xlpm.ptstables, _xlpm.ptstables <> "")), _xlpm.coef, _xlpm.K + _xlpm.Knewgain / (_xlpm.Knewscale + _xlpm.nbparties), IF(G11="", "", _xlpm.coef * (G11-G12)) )} -> 47.785358 | H13: {=_xlfn.LET( _xlpm.K, Constantes!$B$3, _xlpm.Knewgain, Constantes!$B$4, _xlpm.Knewscale, Constantes!$B$5, _xlpm.ptstables, INDEX(H:H, _xlfn.SEQUENCE(COUNTA($C$2:$C13), 1, 3, 4)), _xlpm.nbparties, COUNTA(_xlfn._xlws.FILTER(_xlpm.ptstables, _xlpm.ptstables <> "")), _xlpm.coef, _xlpm.K + _xlpm.Knewgain / (_xlpm.Knewscale + _xlpm.nbparties), IF(H11="", "", _xlpm.coef * (H11-H12)) )} -> -31.202347 | I13: {=_xlfn.LET( _xlpm.K, Constantes!$B$3, _xlpm.Knewgain, Constantes!$B$4, _xlpm.Knewscale, Constantes!$B$5, _xlpm.ptstables, INDEX(I:I, _xlfn.SEQUENCE(COUNTA($C$2:$C13), 1, 3, 4)), _xlpm.nbparties, COUNTA(_xlfn._xlws.FILTER(_xlpm.ptstables, _xlpm.ptstables <> "")), _xlpm.coef, _xlpm.K + _xlpm.Knewgain / (_xlpm.Knewscale + _xlpm.nbparties), IF(I11="", "", _xlpm.coef * (I11-I12)) )} | J13: {=_xlfn.LET( _xlpm.K, Constantes!$B$3, _xlpm.Knewgain, Constantes!$B$4, _xlpm.Knewscale, Constantes!$B$5, _xlpm.ptstables, INDEX(J:J, _xlfn.SEQUENCE(COUNTA($C$2:$C13), 1, 3, 4)), _xlpm.nbparties, COUNTA(_xlfn._xlws.FILTER(_xlpm.ptstables, _xlpm.ptstables <> "")), _xlpm.coef, _xlpm.K + _xlpm.Knewgain / (_xlpm.Knewscale + _xlpm.nbparties), IF(J11="", "", _xlpm.coef * (J11-J12)) )} | K13: {=_xlfn.LET( _xlpm.K, Constantes!$B$3, _xlpm.Knewgain, Constantes!$B$4, _xlpm.Knewscale, Constantes!$B$5, _xlpm.ptstables, INDEX(K:K, _xlfn.SEQUENCE(COUNTA($C$2:$C13), 1, 3, 4)), _xlpm.nbparties, COUNTA(_xlfn._xlws.FILTER(_xlpm.ptstables, _xlpm.ptstables <> "")), _xlpm.coef, _xlpm.K + _xlpm.Knewgain / (_xlpm.Knewscale + _xlpm.nbparties), IF(K11="", "", _xlpm.coef * (K11-K12)) )} | L13: {=_xlfn.LET( _xlpm.K, Constantes!$B$3, _xlpm.Knewgain, Constantes!$B$4, _xlpm.Knewscale, Constantes!$B$5, _xlpm.ptstables, INDEX(L:L, _xlfn.SEQUENCE(COUNTA($C$2:$C13), 1, 3, 4)), _xlpm.nbparties, COUNTA(_xlfn._xlws.FILTER(_xlpm.ptstables, _xlpm.ptstables <> "")), _xlpm.coef, _xlpm.K + _xlpm.Knewgain / (_xlpm.Knewscale + _xlpm.nbparties), IF(L11="", "", _xlpm.coef * (L11-L12)) )} | M13: {=_xlfn.LET( _xlpm.K, Constantes!$B$3, _xlpm.Knewgain, Constantes!$B$4, _xlpm.Knewscale, Constantes!$B$5, _xlpm.ptstables, INDEX(M:M, _xlfn.SEQUENCE(COUNTA($C$2:$C13), 1, 3, 4)), _xlpm.nbparties, COUNTA(_xlfn._xlws.FILTER(_xlpm.ptstables, _xlpm.ptstables <> "")), _xlpm.coef, _xlpm.K + _xlpm.Knewgain / (_xlpm.Knewscale + _xlpm.nbparties), IF(M11="", "", _xlpm.coef * (M11-M12)) )} | N13: {=_xlfn.LET( _xlpm.K, Constantes!$B$3, _xlpm.Knewgain, Constantes!$B$4, _xlpm.Knewscale, Constantes!$B$5, _xlpm.ptstables, INDEX(N:N, _xlfn.SEQUENCE(COUNTA($C$2:$C13), 1, 3, 4)), _xlpm.nbparties, COUNTA(_xlfn._xlws.FILTER(_xlpm.ptstables, _xlpm.ptstables <> "")), _xlpm.coef, _xlpm.K + _xlpm.Knewgain / (_xlpm.Knewscale + _xlpm.nbparties), IF(N11="", "", _xlpm.coef * (N11-N12)) )} | O13: {=_xlfn.LET( _xlpm.K, Constantes!$B$3, _xlpm.Knewgain, Constantes!$B$4, _xlpm.Knewscale, Constantes!$B$5, _xlpm.ptstables, INDEX(O:O, _xlfn.SEQUENCE(COUNTA($C$2:$C13), 1, 3, 4)), _xlpm.nbparties, COUNTA(_xlfn._xlws.FILTER(_xlpm.ptstables, _xlpm.ptstables <> "")), _xlpm.coef, _xlpm.K + _xlpm.Knewgain / (_xlpm.Knewscale + _xlpm.nbparties), IF(O11="", "", _xlpm.coef * (O11-O12)) )} | P13: {=_xlfn.LET( _xlpm.K, Constantes!$B$3, _xlpm.Knewgain, Constantes!$B$4, _xlpm.Knewscale, Constantes!$B$5, _xlpm.ptstables, INDEX(P:P, _xlfn.SEQUENCE(COUNTA($C$2:$C13), 1, 3, 4)), _xlpm.nbparties, COUNTA(_xlfn._xlws.FILTER(_xlpm.ptstables, _xlpm.ptstables <> "")), _xlpm.coef, _xlpm.K + _xlpm.Knewgain / (_xlpm.Knewscale + _xlpm.nbparties), IF(P11="", "", _xlpm.coef * (P11-P12)) )} | Q13: {=_xlfn.LET( _xlpm.K, Constantes!$B$3, _xlpm.Knewgain, Constantes!$B$4, _xlpm.Knewscale, Constantes!$B$5, _xlpm.ptstables, INDEX(Q:Q, _xlfn.SEQUENCE(COUNTA($C$2:$C13), 1, 3, 4)), _xlpm.nbparties, COUNTA(_xlfn._xlws.FILTER(_xlpm.ptstables, _xlpm.ptstables <> "")), _xlpm.coef, _xlpm.K + _xlpm.Knewgain / (_xlpm.Knewscale + _xlpm.nbparties), IF(Q11="", "", _xlpm.coef * (Q11-Q12)) )} | R13: {=_xlfn.LET( _xlpm.K, Constantes!$B$3, _xlpm.Knewgain, Constantes!$B$4, _xlpm.Knewscale, Constantes!$B$5, _xlpm.ptstables, INDEX(R:R, _xlfn.SEQUENCE(COUNTA($C$2:$C13), 1, 3, 4)), _xlpm.nbparties, COUNTA(_xlfn._xlws.FILTER(_xlpm.ptstables, _xlpm.ptstables <> "")), _xlpm.coef, _xlpm.K + _xlpm.Knewgain / (_xlpm.Knewscale + _xlpm.nbparties), IF(R11="", "", _xlpm.coef * (R11-R12)) )} | S13: {=_xlfn.LET( _xlpm.K, Constantes!$B$3, _xlpm.Knewgain, Constantes!$B$4, _xlpm.Knewscale, Constantes!$B$5, _xlpm.ptstables, INDEX(S:S, _xlfn.SEQUENCE(COUNTA($C$2:$C13), 1, 3, 4)), _xlpm.nbparties, COUNTA(_xlfn._xlws.FILTER(_xlpm.ptstables, _xlpm.ptstables <> "")), _xlpm.coef, _xlpm.K + _xlpm.Knewgain / (_xlpm.Knewscale + _xlpm.nbparties), IF(S11="", "", _xlpm.coef * (S11-S12)) )} | T13: {=_xlfn.LET( _xlpm.K, Constantes!$B$3, _xlpm.Knewgain, Constantes!$B$4, _xlpm.Knewscale, Constantes!$B$5, _xlpm.ptstables, INDEX(T:T, _xlfn.SEQUENCE(COUNTA($C$2:$C13), 1, 3, 4)), _xlpm.nbparties, COUNTA(_xlfn._xlws.FILTER(_xlpm.ptstables, _xlpm.ptstables <> "")), _xlpm.coef, _xlpm.K + _xlpm.Knewgain / (_xlpm.Knewscale + _xlpm.nbparties), IF(T11="", "", _xlpm.coef * (T11-T12)) )} | U13: {=_xlfn.LET( _xlpm.K, Constantes!$B$3, _xlpm.Knewgain, Constantes!$B$4, _xlpm.Knewscale, Constantes!$B$5, _xlpm.ptstables, INDEX(U:U, _xlfn.SEQUENCE(COUNTA($C$2:$C13), 1, 3, 4)), _xlpm.nbparties, COUNTA(_xlfn._xlws.FILTER(_xlpm.ptstables, _xlpm.ptstables <> "")), _xlpm.coef, _xlpm.K + _xlpm.Knewgain / (_xlpm.Knewscale + _xlpm.nbparties), IF(U11="", "", _xlpm.coef * (U11-U12)) )} | V13: {=_xlfn.LET( _xlpm.K, Constantes!$B$3, _xlpm.Knewgain, Constantes!$B$4, _xlpm.Knewscale, Constantes!$B$5, _xlpm.ptstables, INDEX(V:V, _xlfn.SEQUENCE(COUNTA($C$2:$C13), 1, 3, 4)), _xlpm.nbparties, COUNTA(_xlfn._xlws.FILTER(_xlpm.ptstables, _xlpm.ptstables <> "")), _xlpm.coef, _xlpm.K + _xlpm.Knewgain / (_xlpm.Knewscale + _xlpm.nbparties), IF(V11="", "", _xlpm.coef * (V11-V12)) )} | W13: {=_xlfn.LET( _xlpm.K, Constantes!$B$3, _xlpm.Knewgain, Constantes!$B$4, _xlpm.Knewscale, Constantes!$B$5, _xlpm.ptstables, INDEX(W:W, _xlfn.SEQUENCE(COUNTA($C$2:$C13), 1, 3, 4)), _xlpm.nbparties, COUNTA(_xlfn._xlws.FILTER(_xlpm.ptstables, _xlpm.ptstables <> "")), _xlpm.coef, _xlpm.K + _xlpm.Knewgain / (_xlpm.Knewscale + _xlpm.nbparties), IF(W11="", "", _xlpm.coef * (W11-W12)) )} | X13: {=_xlfn.LET( _xlpm.K, Constantes!$B$3, _xlpm.Knewgain, Constantes!$B$4, _xlpm.Knewscale, Constantes!$B$5, _xlpm.ptstables, INDEX(X:X, _xlfn.SEQUENCE(COUNTA($C$2:$C13), 1, 3, 4)), _xlpm.nbparties, COUNTA(_xlfn._xlws.FILTER(_xlpm.ptstables, _xlpm.ptstables <> "")), _xlpm.coef, _xlpm.K + _xlpm.Knewgain / (_xlpm.Knewscale + _xlpm.nbparties), IF(X11="", "", _xlpm.coef * (X11-X12)) )} | Y13: {=_xlfn.LET( _xlpm.K, Constantes!$B$3, _xlpm.Knewgain, Constantes!$B$4, _xlpm.Knewscale, Constantes!$B$5, _xlpm.ptstables, INDEX(Y:Y, _xlfn.SEQUENCE(COUNTA($C$2:$C13), 1, 3, 4)), _xlpm.nbparties, COUNTA(_xlfn._xlws.FILTER(_xlpm.ptstables, _xlpm.ptstables <> "")), _xlpm.coef, _xlpm.K + _xlpm.Knewgain / (_xlpm.Knewscale + _xlpm.nbparties), IF(Y11="", "", _xlpm.coef * (Y11-Y12)) )} | Z13: {=_xlfn.LET( _xlpm.K, Constantes!$B$3, _xlpm.Knewgain, Constantes!$B$4, _xlpm.Knewscale, Constantes!$B$5, _xlpm.ptstables, INDEX(Z:Z, _xlfn.SEQUENCE(COUNTA($C$2:$C13), 1, 3, 4)), _xlpm.nbparties, COUNTA(_xlfn._xlws.FILTER(_xlpm.ptstables, _xlpm.ptstables <> "")), _xlpm.coef, _xlpm.K + _xlpm.Knewgain / (_xlpm.Knewscale + _xlpm.nbparties), IF(Z11="", "", _xlpm.coef * (Z11-Z12)) )} | AA13: {=_xlfn.LET( _xlpm.K, Constantes!$B$3, _xlpm.Knewgain, Constantes!$B$4, _xlpm.Knewscale, Constantes!$B$5, _xlpm.ptstables, INDEX(AA:AA, _xlfn.SEQUENCE(COUNTA($C$2:$C13), 1, 3, 4)), _xlpm.nbparties, COUNTA(_xlfn._xlws.FILTER(_xlpm.ptstables, _xlpm.ptstables <> "")), _xlpm.coef, _xlpm.K + _xlpm.Knewgain / (_xlpm.Knewscale + _xlpm.nbparties), IF(AA11="", "", _xlpm.coef * (AA11-AA12)) )} | AB13: {=_xlfn.LET( _xlpm.K, Constantes!$B$3, _xlpm.Knewgain, Constantes!$B$4, _xlpm.Knewscale, Constantes!$B$5, _xlpm.ptstables, INDEX(AB:AB, _xlfn.SEQUENCE(COUNTA($C$2:$C13), 1, 3, 4)), _xlpm.nbparties, COUNTA(_xlfn._xlws.FILTER(_xlpm.ptstables, _xlpm.ptstables <> "")), _xlpm.coef, _xlpm.K + _xlpm.Knewgain / (_xlpm.Knewscale + _xlpm.nbparties), IF(AB11="", "", _xlpm.coef * (AB11-AB12)) )} | AC13: {=_xlfn.LET( _xlpm.K, Constantes!$B$3, _xlpm.Knewgain, Constantes!$B$4, _xlpm.Knewscale, Constantes!$B$5, _xlpm.ptstables, INDEX(AC:AC, _xlfn.SEQUENCE(COUNTA($C$2:$C13), 1, 3, 4)), _xlpm.nbparties, COUNTA(_xlfn._xlws.FILTER(_xlpm.ptstables, _xlpm.ptstables <> "")), _xlpm.coef, _xlpm.K + _xlpm.Knewgain / (_xlpm.Knewscale + _xlpm.nbparties), IF(AC11="", "", _xlpm.coef * (AC11-AC12)) )} | AD13: {=_xlfn.LET( _xlpm.K, Constantes!$B$3, _xlpm.Knewgain, Constantes!$B$4, _xlpm.Knewscale, Constantes!$B$5, _xlpm.ptstables, INDEX(AD:AD, _xlfn.SEQUENCE(COUNTA($C$2:$C13), 1, 3, 4)), _xlpm.nbparties, COUNTA(_xlfn._xlws.FILTER(_xlpm.ptstables, _xlpm.ptstables <> "")), _xlpm.coef, _xlpm.K + _xlpm.Knewgain / (_xlpm.Knewscale + _xlpm.nbparties), IF(AD11="", "", _xlpm.coef * (AD11-AD12)) )} | AE13: {=_xlfn.LET( _xlpm.K, Constantes!$B$3, _xlpm.Knewgain, Constantes!$B$4, _xlpm.Knewscale, Constantes!$B$5, _xlpm.ptstables, INDEX(AE:AE, _xlfn.SEQUENCE(COUNTA($C$2:$C13), 1, 3, 4)), _xlpm.nbparties, COUNTA(_xlfn._xlws.FILTER(_xlpm.ptstables, _xlpm.ptstables <> "")), _xlpm.coef, _xlpm.K + _xlpm.Knewgain / (_xlpm.Knewscale + _xlpm.nbparties), IF(AE11="", "", _xlpm.coef * (AE11-AE12)) )} | AF13: {=_xlfn.LET( _xlpm.K, Constantes!$B$3, _xlpm.Knewgain, Constantes!$B$4, _xlpm.Knewscale, Constantes!$B$5, _xlpm.ptstables, INDEX(AF:AF, _xlfn.SEQUENCE(COUNTA($C$2:$C13), 1, 3, 4)), _xlpm.nbparties, COUNTA(_xlfn._xlws.FILTER(_xlpm.ptstables, _xlpm.ptstables <> "")), _xlpm.coef, _xlpm.K + _xlpm.Knewgain / (_xlpm.Knewscale + _xlpm.nbparties), IF(AF11="", "", _xlpm.coef * (AF11-AF12)) )} | AG13: {=_xlfn.LET( _xlpm.K, Constantes!$B$3, _xlpm.Knewgain, Constantes!$B$4, _xlpm.Knewscale, Constantes!$B$5, _xlpm.ptstables, INDEX(AG:AG, _xlfn.SEQUENCE(COUNTA($C$2:$C13), 1, 3, 4)), _xlpm.nbparties, COUNTA(_xlfn._xlws.FILTER(_xlpm.ptstables, _xlpm.ptstables <> "")), _xlpm.coef, _xlpm.K + _xlpm.Knewgain / (_xlpm.Knewscale + _xlpm.nbparties), IF(AG11="", "", _xlpm.coef * (AG11-AG12)) )} | AH13: {=_xlfn.LET( _xlpm.K, Constantes!$B$3, _xlpm.Knewgain, Constantes!$B$4, _xlpm.Knewscale, Constantes!$B$5, _xlpm.ptstables, INDEX(AH:AH, _xlfn.SEQUENCE(COUNTA($C$2:$C13), 1, 3, 4)), _xlpm.nbparties, COUNTA(_xlfn._xlws.FILTER(_xlpm.ptstables, _xlpm.ptstables <> "")), _xlpm.coef, _xlpm.K + _xlpm.Knewgain / (_xlpm.Knewscale + _xlpm.nbparties), IF(AH11="", "", _xlpm.coef * (AH11-AH12)) )} | AI13: {=_xlfn.LET( _xlpm.K, Constantes!$B$3, _xlpm.Knewgain, Constantes!$B$4, _xlpm.Knewscale, Constantes!$B$5, _xlpm.ptstables, INDEX(AI:AI, _xlfn.SEQUENCE(COUNTA($C$2:$C13), 1, 3, 4)), _xlpm.nbparties, COUNTA(_xlfn._xlws.FILTER(_xlpm.ptstables, _xlpm.ptstables <> "")), _xlpm.coef, _xlpm.K + _xlpm.Knewgain / (_xlpm.Knewscale + _xlpm.nbparties), IF(AI11="", "", _xlpm.coef * (AI11-AI12)) )} | AJ13: {=_xlfn.LET( _xlpm.K, Constantes!$B$3, _xlpm.Knewgain, Constantes!$B$4, _xlpm.Knewscale, Constantes!$B$5, _xlpm.ptstables, INDEX(AJ:AJ, _xlfn.SEQUENCE(COUNTA($C$2:$C13), 1, 3, 4)), _xlpm.nbparties, COUNTA(_xlfn._xlws.FILTER(_xlpm.ptstables, _xlpm.ptstables <> "")), _xlpm.coef, _xlpm.K + _xlpm.Knewgain / (_xlpm.Knewscale + _xlpm.nbparties), IF(AJ11="", "", _xlpm.coef * (AJ11-AJ12)) )} | AK13: {=_xlfn.LET( _xlpm.K, Constantes!$B$3, _xlpm.Knewgain, Constantes!$B$4, _xlpm.Knewscale, Constantes!$B$5, _xlpm.ptstables, INDEX(AK:AK, _xlfn.SEQUENCE(COUNTA($C$2:$C13), 1, 3, 4)), _xlpm.nbparties, COUNTA(_xlfn._xlws.FILTER(_xlpm.ptstables, _xlpm.ptstables <> "")), _xlpm.coef, _xlpm.K + _xlpm.Knewgain / (_xlpm.Knewscale + _xlpm.nbparties), IF(AK11="", "", _xlpm.coef * (AK11-AK12)) )} | AL13: {=_xlfn.LET( _xlpm.K, Constantes!$B$3, _xlpm.Knewgain, Constantes!$B$4, _xlpm.Knewscale, Constantes!$B$5, _xlpm.ptstables, INDEX(AL:AL, _xlfn.SEQUENCE(COUNTA($C$2:$C13), 1, 3, 4)), _xlpm.nbparties, COUNTA(_xlfn._xlws.FILTER(_xlpm.ptstables, _xlpm.ptstables <> "")), _xlpm.coef, _xlpm.K + _xlpm.Knewgain / (_xlpm.Knewscale + _xlpm.nbparties), IF(AL11="", "", _xlpm.coef * (AL11-AL12)) )} | AM13: {=_xlfn.LET( _xlpm.K, Constantes!$B$3, _xlpm.Knewgain, Constantes!$B$4, _xlpm.Knewscale, Constantes!$B$5, _xlpm.ptstables, INDEX(AM:AM, _xlfn.SEQUENCE(COUNTA($C$2:$C13), 1, 3, 4)), _xlpm.nbparties, COUNTA(_xlfn._xlws.FILTER(_xlpm.ptstables, _xlpm.ptstables <> "")), _xlpm.coef, _xlpm.K + _xlpm.Knewgain / (_xlpm.Knewscale + _xlpm.nbparties), IF(AM11="", "", _xlpm.coef * (AM11-AM12)) )}
A14: Elo points | B14: {=IFERROR(_xlfn.LET( _xlpm.cola, INDEX(Donnees!F:F, _xlfn.SEQUENCE(COUNTA(Donnees!F:F), 1, 2, 4)), _xlpm.colb, INDEX(Donnees!F:F, _xlfn.SEQUENCE(COUNTA(Donnees!F:F), 1, 1, 4)), _xlpm.tab, _xlfn._xlws.FILTER(CHOOSE({1,2}, _xlpm.cola, _xlpm.colb), (_xlpm.cola<>"")*(_xlpm.colb<>"")), _xlpm.tri, _xlfn._xlws.SORT(_xlpm.tab), INDEX(_xlpm.tri, (ROW()+2)/4, 2) ), "")} -> Partie 4 | C14: {=IF(B14="","", INDEX(Donnees!F:F, MATCH(B14, Donnees!F:F, 0)+1))} -> 45904.693 | D14: =D10+IF(D13="",0,D13) -> 954.73774 | E14: =E10+IF(E13="",0,E13) -> 1128.2521 | F14: =F10+IF(F13="",0,F13) -> 882.18961 | G14: =G10+IF(G13="",0,G13) -> 1093.5506 | H14: =H10+IF(H13="",0,H13) -> 1044.5877 | I14: =I10+IF(I13="",0,I13) -> 1000 | J14: =J10+IF(J13="",0,J13) -> 1030.135 | K14: =K10+IF(K13="",0,K13) -> 923.36 | ... AM14: =AM10+IF(AM13="",0,AM13) -> 1000
A15: Table points | D15: {=IFERROR( _xlfn.LET( _xlpm.ligpartie, MATCH($B14, Donnees!$F:$F, 0), _xlpm.joueurs, INDEX(Donnees!$A:$Z, _xlpm.ligpartie+1, _xlfn.SEQUENCE(1, 4, 2)), INDEX( Donnees!$A:$Z, _xlpm.ligpartie + 3, MATCH(D$1, _xlpm.joueurs, 0) + 1 ) ), "" )} | E15: {=IFERROR( _xlfn.LET( _xlpm.ligpartie, MATCH($B14, Donnees!$F:$F, 0), _xlpm.joueurs, INDEX(Donnees!$A:$Z, _xlpm.ligpartie+1, _xlfn.SEQUENCE(1, 4, 2)), INDEX( Donnees!$A:$Z, _xlpm.ligpartie + 3, MATCH(E$1, _xlpm.joueurs, 0) + 1 ) ), "" )} -> 3 | F15: {=IFERROR( _xlfn.LET( _xlpm.ligpartie, MATCH($B14, Donnees!$F:$F, 0), _xlpm.joueurs, INDEX(Donnees!$A:$Z, _xlpm.ligpartie+1, _xlfn.SEQUENCE(1, 4, 2)), INDEX( Donnees!$A:$Z, _xlpm.ligpartie + 3, MATCH(F$1, _xlpm.joueurs, 0) + 1 ) ), "" )} -> 2 | G15: {=IFERROR( _xlfn.LET( _xlpm.ligpartie, MATCH($B14, Donnees!$F:$F, 0), _xlpm.joueurs, INDEX(Donnees!$A:$Z, _xlpm.ligpartie+1, _xlfn.SEQUENCE(1, 4, 2)), INDEX( Donnees!$A:$Z, _xlpm.ligpartie + 3, MATCH(G$1, _xlpm.joueurs, 0) + 1 ) ), "" )} -> 1 | H15: {=IFERROR( _xlfn.LET( _xlpm.ligpartie, MATCH($B14, Donnees!$F:$F, 0), _xlpm.joueurs, INDEX(Donnees!$A:$Z, _xlpm.ligpartie+1, _xlfn.SEQUENCE(1, 4, 2)), INDEX( Donnees!$A:$Z, _xlpm.ligpartie + 3, MATCH(H$1, _xlpm.joueurs, 0) + 1 ) ), "" )} -> 0 | I15: {=IFERROR( _xlfn.LET( _xlpm.ligpartie, MATCH($B14, Donnees!$F:$F, 0), _xlpm.joueurs, INDEX(Donnees!$A:$Z, _xlpm.ligpartie+1, _xlfn.SEQUENCE(1, 4, 2)), INDEX( Donnees!$A:$Z, _xlpm.ligpartie + 3, MATCH(I$1, _xlpm.joueurs, 0) + 1 ) ), "" )} | J15: {=IFERROR( _xlfn.LET( _xlpm.ligpartie, MATCH($B14, Donnees!$F:$F, 0), _xlpm.joueurs, INDEX(Donnees!$A:$Z, _xlpm.ligpartie+1, _xlfn.SEQUENCE(1, 4, 2)), INDEX( Donnees!$A:$Z, _xlpm.ligpartie + 3, MATCH(J$1, _xlpm.joueurs, 0) + 1 ) ), "" )} | K15: {=IFERROR( _xlfn.LET( _xlpm.ligpartie, MATCH($B14, Donnees!$F:$F, 0), _xlpm.joueurs, INDEX(Donnees!$A:$Z, _xlpm.ligpartie+1, _xlfn.SEQUENCE(1, 4, 2)), INDEX( Donnees!$A:$Z, _xlpm.ligpartie + 3, MATCH(K$1, _xlpm.joueurs, 0) + 1 ) ), "" )} | ... AM15: {=IFERROR( _xlfn.LET( _xlpm.ligpartie, MATCH($B14, Donnees!$F:$F, 0), _xlpm.joueurs, INDEX(Donnees!$A:$Z, _xlpm.ligpartie+1, _xlfn.SEQUENCE(1, 4, 2)), INDEX( Donnees!$A:$Z, _xlpm.ligpartie + 3, MATCH(AM$1, _xlpm.joueurs, 0) + 1 ) ), "" )}
A16: Awaited perf | D16: {=_xlfn.LET( _xlpm.colj, _xlfn._xlws.FILTER(IF(ISNUMBER(15:15), COLUMN(15:15)), ISNUMBER(15:15)), _xlpm.elos, INDEX(14:14,1,_xlpm.colj), _xlpm.diffscale, Constantes!$B$2, IF(D15="", "", SUM(1/(1+POWER(10,-(D14-_xlpm.elos)/_xlpm.diffscale)))-0.5) )} | E16: {=_xlfn.LET( _xlpm.colj, _xlfn._xlws.FILTER(IF(ISNUMBER(15:15), COLUMN(15:15)), ISNUMBER(15:15)), _xlpm.elos, INDEX(14:14,1,_xlpm.colj), _xlpm.diffscale, Constantes!$B$2, IF(E15="", "", SUM(1/(1+POWER(10,-(E14-_xlpm.elos)/_xlpm.diffscale)))-0.5) )} -> 1.9726834 | F16: {=_xlfn.LET( _xlpm.colj, _xlfn._xlws.FILTER(IF(ISNUMBER(15:15), COLUMN(15:15)), ISNUMBER(15:15)), _xlpm.elos, INDEX(14:14,1,_xlpm.colj), _xlpm.diffscale, Constantes!$B$2, IF(F15="", "", SUM(1/(1+POWER(10,-(F14-_xlpm.elos)/_xlpm.diffscale)))-0.5) )} -> 0.70568216 | G16: {=_xlfn.LET( _xlpm.colj, _xlfn._xlws.FILTER(IF(ISNUMBER(15:15), COLUMN(15:15)), ISNUMBER(15:15)), _xlpm.elos, INDEX(14:14,1,_xlpm.colj), _xlpm.diffscale, Constantes!$B$2, IF(G15="", "", SUM(1/(1+POWER(10,-(G14-_xlpm.elos)/_xlpm.diffscale)))-0.5) )} -> 1.7917074 | H16: {=_xlfn.LET( _xlpm.colj, _xlfn._xlws.FILTER(IF(ISNUMBER(15:15), COLUMN(15:15)), ISNUMBER(15:15)), _xlpm.elos, INDEX(14:14,1,_xlpm.colj), _xlpm.diffscale, Constantes!$B$2, IF(H15="", "", SUM(1/(1+POWER(10,-(H14-_xlpm.elos)/_xlpm.diffscale)))-0.5) )} -> 1.529927 | I16: {=_xlfn.LET( _xlpm.colj, _xlfn._xlws.FILTER(IF(ISNUMBER(15:15), COLUMN(15:15)), ISNUMBER(15:15)), _xlpm.elos, INDEX(14:14,1,_xlpm.colj), _xlpm.diffscale, Constantes!$B$2, IF(I15="", "", SUM(1/(1+POWER(10,-(I14-_xlpm.elos)/_xlpm.diffscale)))-0.5) )} | J16: {=_xlfn.LET( _xlpm.colj, _xlfn._xlws.FILTER(IF(ISNUMBER(15:15), COLUMN(15:15)), ISNUMBER(15:15)), _xlpm.elos, INDEX(14:14,1,_xlpm.colj), _xlpm.diffscale, Constantes!$B$2, IF(J15="", "", SUM(1/(1+POWER(10,-(J14-_xlpm.elos)/_xlpm.diffscale)))-0.5) )} | K16: {=_xlfn.LET( _xlpm.colj, _xlfn._xlws.FILTER(IF(ISNUMBER(15:15), COLUMN(15:15)), ISNUMBER(15:15)), _xlpm.elos, INDEX(14:14,1,_xlpm.colj), _xlpm.diffscale, Constantes!$B$2, IF(K15="", "", SUM(1/(1+POWER(10,-(K14-_xlpm.elos)/_xlpm.diffscale)))-0.5) )} | ... AM16: {=_xlfn.LET( _xlpm.colj, _xlfn._xlws.FILTER(IF(ISNUMBER(15:15), COLUMN(15:15)), ISNUMBER(15:15)), _xlpm.elos, INDEX(14:14,1,_xlpm.colj), _xlpm.diffscale, Constantes!$B$2, IF(AM15="", "", SUM(1/(1+POWER(10,-(AM14-_xlpm.elos)/_xlpm.diffscale)))-0.5) )}
A17: Elo gain | D17: {=_xlfn.LET( _xlpm.K, Constantes!$B$3, _xlpm.Knewgain, Constantes!$B$4, _xlpm.Knewscale, Constantes!$B$5, _xlpm.ptstables, INDEX(D:D, _xlfn.SEQUENCE(COUNTA($C$2:$C17), 1, 3, 4)), _xlpm.nbparties, COUNTA(_xlfn._xlws.FILTER(_xlpm.ptstables, _xlpm.ptstables <> "")), _xlpm.coef, _xlpm.K + _xlpm.Knewgain / (_xlpm.Knewscale + _xlpm.nbparties), IF(D15="", "", _xlpm.coef * (D15-D16)) )} | E17: {=_xlfn.LET( _xlpm.K, Constantes!$B$3, _xlpm.Knewgain, Constantes!$B$4, _xlpm.Knewscale, Constantes!$B$5, _xlpm.ptstables, INDEX(E:E, _xlfn.SEQUENCE(COUNTA($C$2:$C17), 1, 3, 4)), _xlpm.nbparties, COUNTA(_xlfn._xlws.FILTER(_xlpm.ptstables, _xlpm.ptstables <> "")), _xlpm.coef, _xlpm.K + _xlpm.Knewgain / (_xlpm.Knewscale + _xlpm.nbparties), IF(E15="", "", _xlpm.coef * (E15-E16)) )} -> 30.819497 | F17: {=_xlfn.LET( _xlpm.K, Constantes!$B$3, _xlpm.Knewgain, Constantes!$B$4, _xlpm.Knewscale, Constantes!$B$5, _xlpm.ptstables, INDEX(F:F, _xlfn.SEQUENCE(COUNTA($C$2:$C17), 1, 3, 4)), _xlpm.nbparties, COUNTA(_xlfn._xlws.FILTER(_xlpm.ptstables, _xlpm.ptstables <> "")), _xlpm.coef, _xlpm.K + _xlpm.Knewgain / (_xlpm.Knewscale + _xlpm.nbparties), IF(F15="", "", _xlpm.coef * (F15-F16)) )} -> 38.829535 | G17: {=_xlfn.LET( _xlpm.K, Constantes!$B$3, _xlpm.Knewgain, Constantes!$B$4, _xlpm.Knewscale, Constantes!$B$5, _xlpm.ptstables, INDEX(G:G, _xlfn.SEQUENCE(COUNTA($C$2:$C17), 1, 3, 4)), _xlpm.nbparties, COUNTA(_xlfn._xlws.FILTER(_xlpm.ptstables, _xlpm.ptstables <> "")), _xlpm.coef, _xlpm.K + _xlpm.Knewgain / (_xlpm.Knewscale + _xlpm.nbparties), IF(G15="", "", _xlpm.coef * (G15-G16)) )} -> -23.751221 | H17: {=_xlfn.LET( _xlpm.K, Constantes!$B$3, _xlpm.Knewgain, Constantes!$B$4, _xlpm.Knewscale, Constantes!$B$5, _xlpm.ptstables, INDEX(H:H, _xlfn.SEQUENCE(COUNTA($C$2:$C17), 1, 3, 4)), _xlpm.nbparties, COUNTA(_xlfn._xlws.FILTER(_xlpm.ptstables, _xlpm.ptstables <> "")), _xlpm.coef, _xlpm.K + _xlpm.Knewgain / (_xlpm.Knewscale + _xlpm.nbparties), IF(H15="", "", _xlpm.coef * (H15-H16)) )} -> -56.097325 | I17: {=_xlfn.LET( _xlpm.K, Constantes!$B$3, _xlpm.Knewgain, Constantes!$B$4, _xlpm.Knewscale, Constantes!$B$5, _xlpm.ptstables, INDEX(I:I, _xlfn.SEQUENCE(COUNTA($C$2:$C17), 1, 3, 4)), _xlpm.nbparties, COUNTA(_xlfn._xlws.FILTER(_xlpm.ptstables, _xlpm.ptstables <> "")), _xlpm.coef, _xlpm.K + _xlpm.Knewgain / (_xlpm.Knewscale + _xlpm.nbparties), IF(I15="", "", _xlpm.coef * (I15-I16)) )} | J17: {=_xlfn.LET( _xlpm.K, Constantes!$B$3, _xlpm.Knewgain, Constantes!$B$4, _xlpm.Knewscale, Constantes!$B$5, _xlpm.ptstables, INDEX(J:J, _xlfn.SEQUENCE(COUNTA($C$2:$C17), 1, 3, 4)), _xlpm.nbparties, COUNTA(_xlfn._xlws.FILTER(_xlpm.ptstables, _xlpm.ptstables <> "")), _xlpm.coef, _xlpm.K + _xlpm.Knewgain / (_xlpm.Knewscale + _xlpm.nbparties), IF(J15="", "", _xlpm.coef * (J15-J16)) )} | K17: {=_xlfn.LET( _xlpm.K, Constantes!$B$3, _xlpm.Knewgain, Constantes!$B$4, _xlpm.Knewscale, Constantes!$B$5, _xlpm.ptstables, INDEX(K:K, _xlfn.SEQUENCE(COUNTA($C$2:$C17), 1, 3, 4)), _xlpm.nbparties, COUNTA(_xlfn._xlws.FILTER(_xlpm.ptstables, _xlpm.ptstables <> "")), _xlpm.coef, _xlpm.K + _xlpm.Knewgain / (_xlpm.Knewscale + _xlpm.nbparties), IF(K15="", "", _xlpm.coef * (K15-K16)) )} | L17: {=_xlfn.LET( _xlpm.K, Constantes!$B$3, _xlpm.Knewgain, Constantes!$B$4, _xlpm.Knewscale, Constantes!$B$5, _xlpm.ptstables, INDEX(L:L, _xlfn.SEQUENCE(COUNTA($C$2:$C17), 1, 3, 4)), _xlpm.nbparties, COUNTA(_xlfn._xlws.FILTER(_xlpm.ptstables, _xlpm.ptstables <> "")), _xlpm.coef, _xlpm.K + _xlpm.Knewgain / (_xlpm.Knewscale + _xlpm.nbparties), IF(L15="", "", _xlpm.coef * (L15-L16)) )} | M17: {=_xlfn.LET( _xlpm.K, Constantes!$B$3, _xlpm.Knewgain, Constantes!$B$4, _xlpm.Knewscale, Constantes!$B$5, _xlpm.ptstables, INDEX(M:M, _xlfn.SEQUENCE(COUNTA($C$2:$C17), 1, 3, 4)), _xlpm.nbparties, COUNTA(_xlfn._xlws.FILTER(_xlpm.ptstables, _xlpm.ptstables <> "")), _xlpm.coef, _xlpm.K + _xlpm.Knewgain / (_xlpm.Knewscale + _xlpm.nbparties), IF(M15="", "", _xlpm.coef * (M15-M16)) )} | N17: {=_xlfn.LET( _xlpm.K, Constantes!$B$3, _xlpm.Knewgain, Constantes!$B$4, _xlpm.Knewscale, Constantes!$B$5, _xlpm.ptstables, INDEX(N:N, _xlfn.SEQUENCE(COUNTA($C$2:$C17), 1, 3, 4)), _xlpm.nbparties, COUNTA(_xlfn._xlws.FILTER(_xlpm.ptstables, _xlpm.ptstables <> "")), _xlpm.coef, _xlpm.K + _xlpm.Knewgain / (_xlpm.Knewscale + _xlpm.nbparties), IF(N15="", "", _xlpm.coef * (N15-N16)) )} | O17: {=_xlfn.LET( _xlpm.K, Constantes!$B$3, _xlpm.Knewgain, Constantes!$B$4, _xlpm.Knewscale, Constantes!$B$5, _xlpm.ptstables, INDEX(O:O, _xlfn.SEQUENCE(COUNTA($C$2:$C17), 1, 3, 4)), _xlpm.nbparties, COUNTA(_xlfn._xlws.FILTER(_xlpm.ptstables, _xlpm.ptstables <> "")), _xlpm.coef, _xlpm.K + _xlpm.Knewgain / (_xlpm.Knewscale + _xlpm.nbparties), IF(O15="", "", _xlpm.coef * (O15-O16)) )} | P17: {=_xlfn.LET( _xlpm.K, Constantes!$B$3, _xlpm.Knewgain, Constantes!$B$4, _xlpm.Knewscale, Constantes!$B$5, _xlpm.ptstables, INDEX(P:P, _xlfn.SEQUENCE(COUNTA($C$2:$C17), 1, 3, 4)), _xlpm.nbparties, COUNTA(_xlfn._xlws.FILTER(_xlpm.ptstables, _xlpm.ptstables <> "")), _xlpm.coef, _xlpm.K + _xlpm.Knewgain / (_xlpm.Knewscale + _xlpm.nbparties), IF(P15="", "", _xlpm.coef * (P15-P16)) )} | Q17: {=_xlfn.LET( _xlpm.K, Constantes!$B$3, _xlpm.Knewgain, Constantes!$B$4, _xlpm.Knewscale, Constantes!$B$5, _xlpm.ptstables, INDEX(Q:Q, _xlfn.SEQUENCE(COUNTA($C$2:$C17), 1, 3, 4)), _xlpm.nbparties, COUNTA(_xlfn._xlws.FILTER(_xlpm.ptstables, _xlpm.ptstables <> "")), _xlpm.coef, _xlpm.K + _xlpm.Knewgain / (_xlpm.Knewscale + _xlpm.nbparties), IF(Q15="", "", _xlpm.coef * (Q15-Q16)) )} | R17: {=_xlfn.LET( _xlpm.K, Constantes!$B$3, _xlpm.Knewgain, Constantes!$B$4, _xlpm.Knewscale, Constantes!$B$5, _xlpm.ptstables, INDEX(R:R, _xlfn.SEQUENCE(COUNTA($C$2:$C17), 1, 3, 4)), _xlpm.nbparties, COUNTA(_xlfn._xlws.FILTER(_xlpm.ptstables, _xlpm.ptstables <> "")), _xlpm.coef, _xlpm.K + _xlpm.Knewgain / (_xlpm.Knewscale + _xlpm.nbparties), IF(R15="", "", _xlpm.coef * (R15-R16)) )} | S17: {=_xlfn.LET( _xlpm.K, Constantes!$B$3, _xlpm.Knewgain, Constantes!$B$4, _xlpm.Knewscale, Constantes!$B$5, _xlpm.ptstables, INDEX(S:S, _xlfn.SEQUENCE(COUNTA($C$2:$C17), 1, 3, 4)), _xlpm.nbparties, COUNTA(_xlfn._xlws.FILTER(_xlpm.ptstables, _xlpm.ptstables <> "")), _xlpm.coef, _xlpm.K + _xlpm.Knewgain / (_xlpm.Knewscale + _xlpm.nbparties), IF(S15="", "", _xlpm.coef * (S15-S16)) )} | T17: {=_xlfn.LET( _xlpm.K, Constantes!$B$3, _xlpm.Knewgain, Constantes!$B$4, _xlpm.Knewscale, Constantes!$B$5, _xlpm.ptstables, INDEX(T:T, _xlfn.SEQUENCE(COUNTA($C$2:$C17), 1, 3, 4)), _xlpm.nbparties, COUNTA(_xlfn._xlws.FILTER(_xlpm.ptstables, _xlpm.ptstables <> "")), _xlpm.coef, _xlpm.K + _xlpm.Knewgain / (_xlpm.Knewscale + _xlpm.nbparties), IF(T15="", "", _xlpm.coef * (T15-T16)) )} | U17: {=_xlfn.LET( _xlpm.K, Constantes!$B$3, _xlpm.Knewgain, Constantes!$B$4, _xlpm.Knewscale, Constantes!$B$5, _xlpm.ptstables, INDEX(U:U, _xlfn.SEQUENCE(COUNTA($C$2:$C17), 1, 3, 4)), _xlpm.nbparties, COUNTA(_xlfn._xlws.FILTER(_xlpm.ptstables, _xlpm.ptstables <> "")), _xlpm.coef, _xlpm.K + _xlpm.Knewgain / (_xlpm.Knewscale + _xlpm.nbparties), IF(U15="", "", _xlpm.coef * (U15-U16)) )} | V17: {=_xlfn.LET( _xlpm.K, Constantes!$B$3, _xlpm.Knewgain, Constantes!$B$4, _xlpm.Knewscale, Constantes!$B$5, _xlpm.ptstables, INDEX(V:V, _xlfn.SEQUENCE(COUNTA($C$2:$C17), 1, 3, 4)), _xlpm.nbparties, COUNTA(_xlfn._xlws.FILTER(_xlpm.ptstables, _xlpm.ptstables <> "")), _xlpm.coef, _xlpm.K + _xlpm.Knewgain / (_xlpm.Knewscale + _xlpm.nbparties), IF(V15="", "", _xlpm.coef * (V15-V16)) )} | W17: {=_xlfn.LET( _xlpm.K, Constantes!$B$3, _xlpm.Knewgain, Constantes!$B$4, _xlpm.Knewscale, Constantes!$B$5, _xlpm.ptstables, INDEX(W:W, _xlfn.SEQUENCE(COUNTA($C$2:$C17), 1, 3, 4)), _xlpm.nbparties, COUNTA(_xlfn._xlws.FILTER(_xlpm.ptstables, _xlpm.ptstables <> "")), _xlpm.coef, _xlpm.K + _xlpm.Knewgain / (_xlpm.Knewscale + _xlpm.nbparties), IF(W15="", "", _xlpm.coef * (W15-W16)) )} | X17: {=_xlfn.LET( _xlpm.K, Constantes!$B$3, _xlpm.Knewgain, Constantes!$B$4, _xlpm.Knewscale, Constantes!$B$5, _xlpm.ptstables, INDEX(X:X, _xlfn.SEQUENCE(COUNTA($C$2:$C17), 1, 3, 4)), _xlpm.nbparties, COUNTA(_xlfn._xlws.FILTER(_xlpm.ptstables, _xlpm.ptstables <> "")), _xlpm.coef, _xlpm.K + _xlpm.Knewgain / (_xlpm.Knewscale + _xlpm.nbparties), IF(X15="", "", _xlpm.coef * (X15-X16)) )} | Y17: {=_xlfn.LET( _xlpm.K, Constantes!$B$3, _xlpm.Knewgain, Constantes!$B$4, _xlpm.Knewscale, Constantes!$B$5, _xlpm.ptstables, INDEX(Y:Y, _xlfn.SEQUENCE(COUNTA($C$2:$C17), 1, 3, 4)), _xlpm.nbparties, COUNTA(_xlfn._xlws.FILTER(_xlpm.ptstables, _xlpm.ptstables <> "")), _xlpm.coef, _xlpm.K + _xlpm.Knewgain / (_xlpm.Knewscale + _xlpm.nbparties), IF(Y15="", "", _xlpm.coef * (Y15-Y16)) )} | Z17: {=_xlfn.LET( _xlpm.K, Constantes!$B$3, _xlpm.Knewgain, Constantes!$B$4, _xlpm.Knewscale, Constantes!$B$5, _xlpm.ptstables, INDEX(Z:Z, _xlfn.SEQUENCE(COUNTA($C$2:$C17), 1, 3, 4)), _xlpm.nbparties, COUNTA(_xlfn._xlws.FILTER(_xlpm.ptstables, _xlpm.ptstables <> "")), _xlpm.coef, _xlpm.K + _xlpm.Knewgain / (_xlpm.Knewscale + _xlpm.nbparties), IF(Z15="", "", _xlpm.coef * (Z15-Z16)) )} | AA17: {=_xlfn.LET( _xlpm.K, Constantes!$B$3, _xlpm.Knewgain, Constantes!$B$4, _xlpm.Knewscale, Constantes!$B$5, _xlpm.ptstables, INDEX(AA:AA, _xlfn.SEQUENCE(COUNTA($C$2:$C17), 1, 3, 4)), _xlpm.nbparties, COUNTA(_xlfn._xlws.FILTER(_xlpm.ptstables, _xlpm.ptstables <> "")), _xlpm.coef, _xlpm.K + _xlpm.Knewgain / (_xlpm.Knewscale + _xlpm.nbparties), IF(AA15="", "", _xlpm.coef * (AA15-AA16)) )} | AB17: {=_xlfn.LET( _xlpm.K, Constantes!$B$3, _xlpm.Knewgain, Constantes!$B$4, _xlpm.Knewscale, Constantes!$B$5, _xlpm.ptstables, INDEX(AB:AB, _xlfn.SEQUENCE(COUNTA($C$2:$C17), 1, 3, 4)), _xlpm.nbparties, COUNTA(_xlfn._xlws.FILTER(_xlpm.ptstables, _xlpm.ptstables <> "")), _xlpm.coef, _xlpm.K + _xlpm.Knewgain / (_xlpm.Knewscale + _xlpm.nbparties), IF(AB15="", "", _xlpm.coef * (AB15-AB16)) )} | AC17: {=_xlfn.LET( _xlpm.K, Constantes!$B$3, _xlpm.Knewgain, Constantes!$B$4, _xlpm.Knewscale, Constantes!$B$5, _xlpm.ptstables, INDEX(AC:AC, _xlfn.SEQUENCE(COUNTA($C$2:$C17), 1, 3, 4)), _xlpm.nbparties, COUNTA(_xlfn._xlws.FILTER(_xlpm.ptstables, _xlpm.ptstables <> "")), _xlpm.coef, _xlpm.K + _xlpm.Knewgain / (_xlpm.Knewscale + _xlpm.nbparties), IF(AC15="", "", _xlpm.coef * (AC15-AC16)) )} | AD17: {=_xlfn.LET( _xlpm.K, Constantes!$B$3, _xlpm.Knewgain, Constantes!$B$4, _xlpm.Knewscale, Constantes!$B$5, _xlpm.ptstables, INDEX(AD:AD, _xlfn.SEQUENCE(COUNTA($C$2:$C17), 1, 3, 4)), _xlpm.nbparties, COUNTA(_xlfn._xlws.FILTER(_xlpm.ptstables, _xlpm.ptstables <> "")), _xlpm.coef, _xlpm.K + _xlpm.Knewgain / (_xlpm.Knewscale + _xlpm.nbparties), IF(AD15="", "", _xlpm.coef * (AD15-AD16)) )} | AE17: {=_xlfn.LET( _xlpm.K, Constantes!$B$3, _xlpm.Knewgain, Constantes!$B$4, _xlpm.Knewscale, Constantes!$B$5, _xlpm.ptstables, INDEX(AE:AE, _xlfn.SEQUENCE(COUNTA($C$2:$C17), 1, 3, 4)), _xlpm.nbparties, COUNTA(_xlfn._xlws.FILTER(_xlpm.ptstables, _xlpm.ptstables <> "")), _xlpm.coef, _xlpm.K + _xlpm.Knewgain / (_xlpm.Knewscale + _xlpm.nbparties), IF(AE15="", "", _xlpm.coef * (AE15-AE16)) )} | AF17: {=_xlfn.LET( _xlpm.K, Constantes!$B$3, _xlpm.Knewgain, Constantes!$B$4, _xlpm.Knewscale, Constantes!$B$5, _xlpm.ptstables, INDEX(AF:AF, _xlfn.SEQUENCE(COUNTA($C$2:$C17), 1, 3, 4)), _xlpm.nbparties, COUNTA(_xlfn._xlws.FILTER(_xlpm.ptstables, _xlpm.ptstables <> "")), _xlpm.coef, _xlpm.K + _xlpm.Knewgain / (_xlpm.Knewscale + _xlpm.nbparties), IF(AF15="", "", _xlpm.coef * (AF15-AF16)) )} | AG17: {=_xlfn.LET( _xlpm.K, Constantes!$B$3, _xlpm.Knewgain, Constantes!$B$4, _xlpm.Knewscale, Constantes!$B$5, _xlpm.ptstables, INDEX(AG:AG, _xlfn.SEQUENCE(COUNTA($C$2:$C17), 1, 3, 4)), _xlpm.nbparties, COUNTA(_xlfn._xlws.FILTER(_xlpm.ptstables, _xlpm.ptstables <> "")), _xlpm.coef, _xlpm.K + _xlpm.Knewgain / (_xlpm.Knewscale + _xlpm.nbparties), IF(AG15="", "", _xlpm.coef * (AG15-AG16)) )} | AH17: {=_xlfn.LET( _xlpm.K, Constantes!$B$3, _xlpm.Knewgain, Constantes!$B$4, _xlpm.Knewscale, Constantes!$B$5, _xlpm.ptstables, INDEX(AH:AH, _xlfn.SEQUENCE(COUNTA($C$2:$C17), 1, 3, 4)), _xlpm.nbparties, COUNTA(_xlfn._xlws.FILTER(_xlpm.ptstables, _xlpm.ptstables <> "")), _xlpm.coef, _xlpm.K + _xlpm.Knewgain / (_xlpm.Knewscale + _xlpm.nbparties), IF(AH15="", "", _xlpm.coef * (AH15-AH16)) )} | AI17: {=_xlfn.LET( _xlpm.K, Constantes!$B$3, _xlpm.Knewgain, Constantes!$B$4, _xlpm.Knewscale, Constantes!$B$5, _xlpm.ptstables, INDEX(AI:AI, _xlfn.SEQUENCE(COUNTA($C$2:$C17), 1, 3, 4)), _xlpm.nbparties, COUNTA(_xlfn._xlws.FILTER(_xlpm.ptstables, _xlpm.ptstables <> "")), _xlpm.coef, _xlpm.K + _xlpm.Knewgain / (_xlpm.Knewscale + _xlpm.nbparties), IF(AI15="", "", _xlpm.coef * (AI15-AI16)) )} | AJ17: {=_xlfn.LET( _xlpm.K, Constantes!$B$3, _xlpm.Knewgain, Constantes!$B$4, _xlpm.Knewscale, Constantes!$B$5, _xlpm.ptstables, INDEX(AJ:AJ, _xlfn.SEQUENCE(COUNTA($C$2:$C17), 1, 3, 4)), _xlpm.nbparties, COUNTA(_xlfn._xlws.FILTER(_xlpm.ptstables, _xlpm.ptstables <> "")), _xlpm.coef, _xlpm.K + _xlpm.Knewgain / (_xlpm.Knewscale + _xlpm.nbparties), IF(AJ15="", "", _xlpm.coef * (AJ15-AJ16)) )} | AK17: {=_xlfn.LET( _xlpm.K, Constantes!$B$3, _xlpm.Knewgain, Constantes!$B$4, _xlpm.Knewscale, Constantes!$B$5, _xlpm.ptstables, INDEX(AK:AK, _xlfn.SEQUENCE(COUNTA($C$2:$C17), 1, 3, 4)), _xlpm.nbparties, COUNTA(_xlfn._xlws.FILTER(_xlpm.ptstables, _xlpm.ptstables <> "")), _xlpm.coef, _xlpm.K + _xlpm.Knewgain / (_xlpm.Knewscale + _xlpm.nbparties), IF(AK15="", "", _xlpm.coef * (AK15-AK16)) )} | AL17: {=_xlfn.LET( _xlpm.K, Constantes!$B$3, _xlpm.Knewgain, Constantes!$B$4, _xlpm.Knewscale, Constantes!$B$5, _xlpm.ptstables, INDEX(AL:AL, _xlfn.SEQUENCE(COUNTA($C$2:$C17), 1, 3, 4)), _xlpm.nbparties, COUNTA(_xlfn._xlws.FILTER(_xlpm.ptstables, _xlpm.ptstables <> "")), _xlpm.coef, _xlpm.K + _xlpm.Knewgain / (_xlpm.Knewscale + _xlpm.nbparties), IF(AL15="", "", _xlpm.coef * (AL15-AL16)) )} | AM17: {=_xlfn.LET( _xlpm.K, Constantes!$B$3, _xlpm.Knewgain, Constantes!$B$4, _xlpm.Knewscale, Constantes!$B$5, _xlpm.ptstables, INDEX(AM:AM, _xlfn.SEQUENCE(COUNTA($C$2:$C17), 1, 3, 4)), _xlpm.nbparties, COUNTA(_xlfn._xlws.FILTER(_xlpm.ptstables, _xlpm.ptstables <> "")), _xlpm.coef, _xlpm.K + _xlpm.Knewgain / (_xlpm.Knewscale + _xlpm.nbparties), IF(AM15="", "", _xlpm.coef * (AM15-AM16)) )}
A18: Elo points | B18: {=IFERROR(_xlfn.LET( _xlpm.cola, INDEX(Donnees!F:F, _xlfn.SEQUENCE(COUNTA(Donnees!F:F), 1, 2, 4)), _xlpm.colb, INDEX(Donnees!F:F, _xlfn.SEQUENCE(COUNTA(Donnees!F:F), 1, 1, 4)), _xlpm.tab, _xlfn._xlws.FILTER(CHOOSE({1,2}, _xlpm.cola, _xlpm.colb), (_xlpm.cola<>"")*(_xlpm.colb<>"")), _xlpm.tri, _xlfn._xlws.SORT(_xlpm.tab), INDEX(_xlpm.tri, (ROW()+2)/4, 2) ), "")} -> Partie 5 | C18: {=IF(B18="","", INDEX(Donnees!F:F, MATCH(B18, Donnees!F:F, 0)+1))} -> 45906.588 | D18: =D14+IF(D17="",0,D17) -> 954.73774 | E18: =E14+IF(E17="",0,E17) -> 1159.0716 | F18: =F14+IF(F17="",0,F17) -> 921.01915 | G18: =G14+IF(G17="",0,G17) -> 1069.7994 | H18: =H14+IF(H17="",0,H17) -> 988.49033 | I18: =I14+IF(I17="",0,I17) -> 1000 | J18: =J14+IF(J17="",0,J17) -> 1030.135 | K18: =K14+IF(K17="",0,K17) -> 923.36 | ... AM18: =AM14+IF(AM17="",0,AM17) -> 1000
A19: Table points | D19: {=IFERROR( _xlfn.LET( _xlpm.ligpartie, MATCH($B18, Donnees!$F:$F, 0), _xlpm.joueurs, INDEX(Donnees!$A:$Z, _xlpm.ligpartie+1, _xlfn.SEQUENCE(1, 4, 2)), INDEX( Donnees!$A:$Z, _xlpm.ligpartie + 3, MATCH(D$1, _xlpm.joueurs, 0) + 1 ) ), "" )} -> 3 | E19: {=IFERROR( _xlfn.LET( _xlpm.ligpartie, MATCH($B18, Donnees!$F:$F, 0), _xlpm.joueurs, INDEX(Donnees!$A:$Z, _xlpm.ligpartie+1, _xlfn.SEQUENCE(1, 4, 2)), INDEX( Donnees!$A:$Z, _xlpm.ligpartie + 3, MATCH(E$1, _xlpm.joueurs, 0) + 1 ) ), "" )} | F19: {=IFERROR( _xlfn.LET( _xlpm.ligpartie, MATCH($B18, Donnees!$F:$F, 0), _xlpm.joueurs, INDEX(Donnees!$A:$Z, _xlpm.ligpartie+1, _xlfn.SEQUENCE(1, 4, 2)), INDEX( Donnees!$A:$Z, _xlpm.ligpartie + 3, MATCH(F$1, _xlpm.joueurs, 0) + 1 ) ), "" )} | G19: {=IFERROR( _xlfn.LET( _xlpm.ligpartie, MATCH($B18, Donnees!$F:$F, 0), _xlpm.joueurs, INDEX(Donnees!$A:$Z, _xlpm.ligpartie+1, _xlfn.SEQUENCE(1, 4, 2)), INDEX( Donnees!$A:$Z, _xlpm.ligpartie + 3, MATCH(G$1, _xlpm.joueurs, 0) + 1 ) ), "" )} | H19: {=IFERROR( _xlfn.LET( _xlpm.ligpartie, MATCH($B18, Donnees!$F:$F, 0), _xlpm.joueurs, INDEX(Donnees!$A:$Z, _xlpm.ligpartie+1, _xlfn.SEQUENCE(1, 4, 2)), INDEX( Donnees!$A:$Z, _xlpm.ligpartie + 3, MATCH(H$1, _xlpm.joueurs, 0) + 1 ) ), "" )} | I19: {=IFERROR( _xlfn.LET( _xlpm.ligpartie, MATCH($B18, Donnees!$F:$F, 0), _xlpm.joueurs, INDEX(Donnees!$A:$Z, _xlpm.ligpartie+1, _xlfn.SEQUENCE(1, 4, 2)), INDEX( Donnees!$A:$Z, _xlpm.ligpartie + 3, MATCH(I$1, _xlpm.joueurs, 0) + 1 ) ), "" )} -> 2 | J19: {=IFERROR( _xlfn.LET( _xlpm.ligpartie, MATCH($B18, Donnees!$F:$F, 0), _xlpm.joueurs, INDEX(Donnees!$A:$Z, _xlpm.ligpartie+1, _xlfn.SEQUENCE(1, 4, 2)), INDEX( Donnees!$A:$Z, _xlpm.ligpartie + 3, MATCH(J$1, _xlpm.joueurs, 0) + 1 ) ), "" )} -> 0 | K19: {=IFERROR( _xlfn.LET( _xlpm.ligpartie, MATCH($B18, Donnees!$F:$F, 0), _xlpm.joueurs, INDEX(Donnees!$A:$Z, _xlpm.ligpartie+1, _xlfn.SEQUENCE(1, 4, 2)), INDEX( Donnees!$A:$Z, _xlpm.ligpartie + 3, MATCH(K$1, _xlpm.joueurs, 0) + 1 ) ), "" )} -> 1 | ... AM19: {=IFERROR( _xlfn.LET( _xlpm.ligpartie, MATCH($B18, Donnees!$F:$F, 0), _xlpm.joueurs, INDEX(Donnees!$A:$Z, _xlpm.ligpartie+1, _xlfn.SEQUENCE(1, 4, 2)), INDEX( Donnees!$A:$Z, _xlpm.ligpartie + 3, MATCH(AM$1, _xlpm.joueurs, 0) + 1 ) ), "" )}
A20: Awaited perf | D20: {=_xlfn.LET( _xlpm.colj, _xlfn._xlws.FILTER(IF(ISNUMBER(19:19), COLUMN(19:19)), ISNUMBER(19:19)), _xlpm.elos, INDEX(18:18,1,_xlpm.colj), _xlpm.diffscale, Constantes!$B$2, IF(D19="", "", SUM(1/(1+POWER(10,-(D18-_xlpm.elos)/_xlpm.diffscale)))-0.5) )} -> 1.3734287 | E20: {=_xlfn.LET( _xlpm.colj, _xlfn._xlws.FILTER(IF(ISNUMBER(19:19), COLUMN(19:19)), ISNUMBER(19:19)), _xlpm.elos, INDEX(18:18,1,_xlpm.colj), _xlpm.diffscale, Constantes!$B$2, IF(E19="", "", SUM(1/(1+POWER(10,-(E18-_xlpm.elos)/_xlpm.diffscale)))-0.5) )} | F20: {=_xlfn.LET( _xlpm.colj, _xlfn._xlws.FILTER(IF(ISNUMBER(19:19), COLUMN(19:19)), ISNUMBER(19:19)), _xlpm.elos, INDEX(18:18,1,_xlpm.colj), _xlpm.diffscale, Constantes!$B$2, IF(F19="", "", SUM(1/(1+POWER(10,-(F18-_xlpm.elos)/_xlpm.diffscale)))-0.5) )} | G20: {=_xlfn.LET( _xlpm.colj, _xlfn._xlws.FILTER(IF(ISNUMBER(19:19), COLUMN(19:19)), ISNUMBER(19:19)), _xlpm.elos, INDEX(18:18,1,_xlpm.colj), _xlpm.diffscale, Constantes!$B$2, IF(G19="", "", SUM(1/(1+POWER(10,-(G18-_xlpm.elos)/_xlpm.diffscale)))-0.5) )} | H20: {=_xlfn.LET( _xlpm.colj, _xlfn._xlws.FILTER(IF(ISNUMBER(19:19), COLUMN(19:19)), ISNUMBER(19:19)), _xlpm.elos, INDEX(18:18,1,_xlpm.colj), _xlpm.diffscale, Constantes!$B$2, IF(H19="", "", SUM(1/(1+POWER(10,-(H18-_xlpm.elos)/_xlpm.diffscale)))-0.5) )} | I20: {=_xlfn.LET( _xlpm.colj, _xlfn._xlws.FILTER(IF(ISNUMBER(19:19), COLUMN(19:19)), ISNUMBER(19:19)), _xlpm.elos, INDEX(18:18,1,_xlpm.colj), _xlpm.diffscale, Constantes!$B$2, IF(I19="", "", SUM(1/(1+POWER(10,-(I18-_xlpm.elos)/_xlpm.diffscale)))-0.5) )} -> 1.6300513 | J20: {=_xlfn.LET( _xlpm.colj, _xlfn._xlws.FILTER(IF(ISNUMBER(19:19), COLUMN(19:19)), ISNUMBER(19:19)), _xlpm.elos, INDEX(18:18,1,_xlpm.colj), _xlpm.diffscale, Constantes!$B$2, IF(J19="", "", SUM(1/(1+POWER(10,-(J18-_xlpm.elos)/_xlpm.diffscale)))-0.5) )} -> 1.7990928 | K20: {=_xlfn.LET( _xlpm.colj, _xlfn._xlws.FILTER(IF(ISNUMBER(19:19), COLUMN(19:19)), ISNUMBER(19:19)), _xlpm.elos, INDEX(18:18,1,_xlpm.colj), _xlpm.diffscale, Constantes!$B$2, IF(K19="", "", SUM(1/(1+POWER(10,-(K18-_xlpm.elos)/_xlpm.diffscale)))-0.5) )} -> 1.1974272 | ... AM20: {=_xlfn.LET( _xlpm.colj, _xlfn._xlws.FILTER(IF(ISNUMBER(19:19), COLUMN(19:19)), ISNUMBER(19:19)), _xlpm.elos, INDEX(18:18,1,_xlpm.colj), _xlpm.diffscale, Constantes!$B$2, IF(AM19="", "", SUM(1/(1+POWER(10,-(AM18-_xlpm.elos)/_xlpm.diffscale)))-0.5) )}
A21: Elo gain | D21: {=_xlfn.LET( _xlpm.K, Constantes!$B$3, _xlpm.Knewgain, Constantes!$B$4, _xlpm.Knewscale, Constantes!$B$5, _xlpm.ptstables, INDEX(D:D, _xlfn.SEQUENCE(COUNTA($C$2:$C21), 1, 3, 4)), _xlpm.nbparties, COUNTA(_xlfn._xlws.FILTER(_xlpm.ptstables, _xlpm.ptstables <> "")), _xlpm.coef, _xlpm.K + _xlpm.Knewgain / (_xlpm.Knewscale + _xlpm.nbparties), IF(D19="", "", _xlpm.coef * (D19-D20)) )} -> 52.863569 | E21: {=_xlfn.LET( _xlpm.K, Constantes!$B$3, _xlpm.Knewgain, Constantes!$B$4, _xlpm.Knewscale, Constantes!$B$5, _xlpm.ptstables, INDEX(E:E, _xlfn.SEQUENCE(COUNTA($C$2:$C21), 1, 3, 4)), _xlpm.nbparties, COUNTA(_xlfn._xlws.FILTER(_xlpm.ptstables, _xlpm.ptstables <> "")), _xlpm.coef, _xlpm.K + _xlpm.Knewgain / (_xlpm.Knewscale + _xlpm.nbparties), IF(E19="", "", _xlpm.coef * (E19-E20)) )} | F21: {=_xlfn.LET( _xlpm.K, Constantes!$B$3, _xlpm.Knewgain, Constantes!$B$4, _xlpm.Knewscale, Constantes!$B$5, _xlpm.ptstables, INDEX(F:F, _xlfn.SEQUENCE(COUNTA($C$2:$C21), 1, 3, 4)), _xlpm.nbparties, COUNTA(_xlfn._xlws.FILTER(_xlpm.ptstables, _xlpm.ptstables <> "")), _xlpm.coef, _xlpm.K + _xlpm.Knewgain / (_xlpm.Knewscale + _xlpm.nbparties), IF(F19="", "", _xlpm.coef * (F19-F20)) )} | G21: {=_xlfn.LET( _xlpm.K, Constantes!$B$3, _xlpm.Knewgain, Constantes!$B$4, _xlpm.Knewscale, Constantes!$B$5, _xlpm.ptstables, INDEX(G:G, _xlfn.SEQUENCE(COUNTA($C$2:$C21), 1, 3, 4)), _xlpm.nbparties, COUNTA(_xlfn._xlws.FILTER(_xlpm.ptstables, _xlpm.ptstables <> "")), _xlpm.coef, _xlpm.K + _xlpm.Knewgain / (_xlpm.Knewscale + _xlpm.nbparties), IF(G19="", "", _xlpm.coef * (G19-G20)) )} | H21: {=_xlfn.LET( _xlpm.K, Constantes!$B$3, _xlpm.Knewgain, Constantes!$B$4, _xlpm.Knewscale, Constantes!$B$5, _xlpm.ptstables, INDEX(H:H, _xlfn.SEQUENCE(COUNTA($C$2:$C21), 1, 3, 4)), _xlpm.nbparties, COUNTA(_xlfn._xlws.FILTER(_xlpm.ptstables, _xlpm.ptstables <> "")), _xlpm.coef, _xlpm.K + _xlpm.Knewgain / (_xlpm.Knewscale + _xlpm.nbparties), IF(H19="", "", _xlpm.coef * (H19-H20)) )} | I21: {=_xlfn.LET( _xlpm.K, Constantes!$B$3, _xlpm.Knewgain, Constantes!$B$4, _xlpm.Knewscale, Constantes!$B$5, _xlpm.ptstables, INDEX(I:I, _xlfn.SEQUENCE(COUNTA($C$2:$C21), 1, 3, 4)), _xlpm.nbparties, COUNTA(_xlfn._xlws.FILTER(_xlpm.ptstables, _xlpm.ptstables <> "")), _xlpm.coef, _xlpm.K + _xlpm.Knewgain / (_xlpm.Knewscale + _xlpm.nbparties), IF(I19="", "", _xlpm.coef * (I19-I20)) )} -> 16.64769 | J21: {=_xlfn.LET( _xlpm.K, Constantes!$B$3, _xlpm.Knewgain, Constantes!$B$4, _xlpm.Knewscale, Constantes!$B$5, _xlpm.ptstables, INDEX(J:J, _xlfn.SEQUENCE(COUNTA($C$2:$C21), 1, 3, 4)), _xlpm.nbparties, COUNTA(_xlfn._xlws.FILTER(_xlpm.ptstables, _xlpm.ptstables <> "")), _xlpm.coef, _xlpm.K + _xlpm.Knewgain / (_xlpm.Knewscale + _xlpm.nbparties), IF(J19="", "", _xlpm.coef * (J19-J20)) )} -> -80.959178 | K21: {=_xlfn.LET( _xlpm.K, Constantes!$B$3, _xlpm.Knewgain, Constantes!$B$4, _xlpm.Knewscale, Constantes!$B$5, _xlpm.ptstables, INDEX(K:K, _xlfn.SEQUENCE(COUNTA($C$2:$C21), 1, 3, 4)), _xlpm.nbparties, COUNTA(_xlfn._xlws.FILTER(_xlpm.ptstables, _xlpm.ptstables <> "")), _xlpm.coef, _xlpm.K + _xlpm.Knewgain / (_xlpm.Knewscale + _xlpm.nbparties), IF(K19="", "", _xlpm.coef * (K19-K20)) )} -> -8.8842225 | L21: {=_xlfn.LET( _xlpm.K, Constantes!$B$3, _xlpm.Knewgain, Constantes!$B$4, _xlpm.Knewscale, Constantes!$B$5, _xlpm.ptstables, INDEX(L:L, _xlfn.SEQUENCE(COUNTA($C$2:$C21), 1, 3, 4)), _xlpm.nbparties, COUNTA(_xlfn._xlws.FILTER(_xlpm.ptstables, _xlpm.ptstables <> "")), _xlpm.coef, _xlpm.K + _xlpm.Knewgain / (_xlpm.Knewscale + _xlpm.nbparties), IF(L19="", "", _xlpm.coef * (L19-L20)) )} | M21: {=_xlfn.LET( _xlpm.K, Constantes!$B$3, _xlpm.Knewgain, Constantes!$B$4, _xlpm.Knewscale, Constantes!$B$5, _xlpm.ptstables, INDEX(M:M, _xlfn.SEQUENCE(COUNTA($C$2:$C21), 1, 3, 4)), _xlpm.nbparties, COUNTA(_xlfn._xlws.FILTER(_xlpm.ptstables, _xlpm.ptstables <> "")), _xlpm.coef, _xlpm.K + _xlpm.Knewgain / (_xlpm.Knewscale + _xlpm.nbparties), IF(M19="", "", _xlpm.coef * (M19-M20)) )} | N21: {=_xlfn.LET( _xlpm.K, Constantes!$B$3, _xlpm.Knewgain, Constantes!$B$4, _xlpm.Knewscale, Constantes!$B$5, _xlpm.ptstables, INDEX(N:N, _xlfn.SEQUENCE(COUNTA($C$2:$C21), 1, 3, 4)), _xlpm.nbparties, COUNTA(_xlfn._xlws.FILTER(_xlpm.ptstables, _xlpm.ptstables <> "")), _xlpm.coef, _xlpm.K + _xlpm.Knewgain / (_xlpm.Knewscale + _xlpm.nbparties), IF(N19="", "", _xlpm.coef * (N19-N20)) )} | O21: {=_xlfn.LET( _xlpm.K, Constantes!$B$3, _xlpm.Knewgain, Constantes!$B$4, _xlpm.Knewscale, Constantes!$B$5, _xlpm.ptstables, INDEX(O:O, _xlfn.SEQUENCE(COUNTA($C$2:$C21), 1, 3, 4)), _xlpm.nbparties, COUNTA(_xlfn._xlws.FILTER(_xlpm.ptstables, _xlpm.ptstables <> "")), _xlpm.coef, _xlpm.K + _xlpm.Knewgain / (_xlpm.Knewscale + _xlpm.nbparties), IF(O19="", "", _xlpm.coef * (O19-O20)) )} | P21: {=_xlfn.LET( _xlpm.K, Constantes!$B$3, _xlpm.Knewgain, Constantes!$B$4, _xlpm.Knewscale, Constantes!$B$5, _xlpm.ptstables, INDEX(P:P, _xlfn.SEQUENCE(COUNTA($C$2:$C21), 1, 3, 4)), _xlpm.nbparties, COUNTA(_xlfn._xlws.FILTER(_xlpm.ptstables, _xlpm.ptstables <> "")), _xlpm.coef, _xlpm.K + _xlpm.Knewgain / (_xlpm.Knewscale + _xlpm.nbparties), IF(P19="", "", _xlpm.coef * (P19-P20)) )} | Q21: {=_xlfn.LET( _xlpm.K, Constantes!$B$3, _xlpm.Knewgain, Constantes!$B$4, _xlpm.Knewscale, Constantes!$B$5, _xlpm.ptstables, INDEX(Q:Q, _xlfn.SEQUENCE(COUNTA($C$2:$C21), 1, 3, 4)), _xlpm.nbparties, COUNTA(_xlfn._xlws.FILTER(_xlpm.ptstables, _xlpm.ptstables <> "")), _xlpm.coef, _xlpm.K + _xlpm.Knewgain / (_xlpm.Knewscale + _xlpm.nbparties), IF(Q19="", "", _xlpm.coef * (Q19-Q20)) )} | R21: {=_xlfn.LET( _xlpm.K, Constantes!$B$3, _xlpm.Knewgain, Constantes!$B$4, _xlpm.Knewscale, Constantes!$B$5, _xlpm.ptstables, INDEX(R:R, _xlfn.SEQUENCE(COUNTA($C$2:$C21), 1, 3, 4)), _xlpm.nbparties, COUNTA(_xlfn._xlws.FILTER(_xlpm.ptstables, _xlpm.ptstables <> "")), _xlpm.coef, _xlpm.K + _xlpm.Knewgain / (_xlpm.Knewscale + _xlpm.nbparties), IF(R19="", "", _xlpm.coef * (R19-R20)) )} | S21: {=_xlfn.LET( _xlpm.K, Constantes!$B$3, _xlpm.Knewgain, Constantes!$B$4, _xlpm.Knewscale, Constantes!$B$5, _xlpm.ptstables, INDEX(S:S, _xlfn.SEQUENCE(COUNTA($C$2:$C21), 1, 3, 4)), _xlpm.nbparties, COUNTA(_xlfn._xlws.FILTER(_xlpm.ptstables, _xlpm.ptstables <> "")), _xlpm.coef, _xlpm.K + _xlpm.Knewgain / (_xlpm.Knewscale + _xlpm.nbparties), IF(S19="", "", _xlpm.coef * (S19-S20)) )} | T21: {=_xlfn.LET( _xlpm.K, Constantes!$B$3, _xlpm.Knewgain, Constantes!$B$4, _xlpm.Knewscale, Constantes!$B$5, _xlpm.ptstables, INDEX(T:T, _xlfn.SEQUENCE(COUNTA($C$2:$C21), 1, 3, 4)), _xlpm.nbparties, COUNTA(_xlfn._xlws.FILTER(_xlpm.ptstables, _xlpm.ptstables <> "")), _xlpm.coef, _xlpm.K + _xlpm.Knewgain / (_xlpm.Knewscale + _xlpm.nbparties), IF(T19="", "", _xlpm.coef * (T19-T20)) )} | U21: {=_xlfn.LET( _xlpm.K, Constantes!$B$3, _xlpm.Knewgain, Constantes!$B$4, _xlpm.Knewscale, Constantes!$B$5, _xlpm.ptstables, INDEX(U:U, _xlfn.SEQUENCE(COUNTA($C$2:$C21), 1, 3, 4)), _xlpm.nbparties, COUNTA(_xlfn._xlws.FILTER(_xlpm.ptstables, _xlpm.ptstables <> "")), _xlpm.coef, _xlpm.K + _xlpm.Knewgain / (_xlpm.Knewscale + _xlpm.nbparties), IF(U19="", "", _xlpm.coef * (U19-U20)) )} | V21: {=_xlfn.LET( _xlpm.K, Constantes!$B$3, _xlpm.Knewgain, Constantes!$B$4, _xlpm.Knewscale, Constantes!$B$5, _xlpm.ptstables, INDEX(V:V, _xlfn.SEQUENCE(COUNTA($C$2:$C21), 1, 3, 4)), _xlpm.nbparties, COUNTA(_xlfn._xlws.FILTER(_xlpm.ptstables, _xlpm.ptstables <> "")), _xlpm.coef, _xlpm.K + _xlpm.Knewgain / (_xlpm.Knewscale + _xlpm.nbparties), IF(V19="", "", _xlpm.coef * (V19-V20)) )} | W21: {=_xlfn.LET( _xlpm.K, Constantes!$B$3, _xlpm.Knewgain, Constantes!$B$4, _xlpm.Knewscale, Constantes!$B$5, _xlpm.ptstables, INDEX(W:W, _xlfn.SEQUENCE(COUNTA($C$2:$C21), 1, 3, 4)), _xlpm.nbparties, COUNTA(_xlfn._xlws.FILTER(_xlpm.ptstables, _xlpm.ptstables <> "")), _xlpm.coef, _xlpm.K + _xlpm.Knewgain / (_xlpm.Knewscale + _xlpm.nbparties), IF(W19="", "", _xlpm.coef * (W19-W20)) )} | X21: {=_xlfn.LET( _xlpm.K, Constantes!$B$3, _xlpm.Knewgain, Constantes!$B$4, _xlpm.Knewscale, Constantes!$B$5, _xlpm.ptstables, INDEX(X:X, _xlfn.SEQUENCE(COUNTA($C$2:$C21), 1, 3, 4)), _xlpm.nbparties, COUNTA(_xlfn._xlws.FILTER(_xlpm.ptstables, _xlpm.ptstables <> "")), _xlpm.coef, _xlpm.K + _xlpm.Knewgain / (_xlpm.Knewscale + _xlpm.nbparties), IF(X19="", "", _xlpm.coef * (X19-X20)) )} | Y21: {=_xlfn.LET( _xlpm.K, Constantes!$B$3, _xlpm.Knewgain, Constantes!$B$4, _xlpm.Knewscale, Constantes!$B$5, _xlpm.ptstables, INDEX(Y:Y, _xlfn.SEQUENCE(COUNTA($C$2:$C21), 1, 3, 4)), _xlpm.nbparties, COUNTA(_xlfn._xlws.FILTER(_xlpm.ptstables, _xlpm.ptstables <> "")), _xlpm.coef, _xlpm.K + _xlpm.Knewgain / (_xlpm.Knewscale + _xlpm.nbparties), IF(Y19="", "", _xlpm.coef * (Y19-Y20)) )} | Z21: {=_xlfn.LET( _xlpm.K, Constantes!$B$3, _xlpm.Knewgain, Constantes!$B$4, _xlpm.Knewscale, Constantes!$B$5, _xlpm.ptstables, INDEX(Z:Z, _xlfn.SEQUENCE(COUNTA($C$2:$C21), 1, 3, 4)), _xlpm.nbparties, COUNTA(_xlfn._xlws.FILTER(_xlpm.ptstables, _xlpm.ptstables <> "")), _xlpm.coef, _xlpm.K + _xlpm.Knewgain / (_xlpm.Knewscale + _xlpm.nbparties), IF(Z19="", "", _xlpm.coef * (Z19-Z20)) )} | AA21: {=_xlfn.LET( _xlpm.K, Constantes!$B$3, _xlpm.Knewgain, Constantes!$B$4, _xlpm.Knewscale, Constantes!$B$5, _xlpm.ptstables, INDEX(AA:AA, _xlfn.SEQUENCE(COUNTA($C$2:$C21), 1, 3, 4)), _xlpm.nbparties, COUNTA(_xlfn._xlws.FILTER(_xlpm.ptstables, _xlpm.ptstables <> "")), _xlpm.coef, _xlpm.K + _xlpm.Knewgain / (_xlpm.Knewscale + _xlpm.nbparties), IF(AA19="", "", _xlpm.coef * (AA19-AA20)) )} | AB21: {=_xlfn.LET( _xlpm.K, Constantes!$B$3, _xlpm.Knewgain, Constantes!$B$4, _xlpm.Knewscale, Constantes!$B$5, _xlpm.ptstables, INDEX(AB:AB, _xlfn.SEQUENCE(COUNTA($C$2:$C21), 1, 3, 4)), _xlpm.nbparties, COUNTA(_xlfn._xlws.FILTER(_xlpm.ptstables, _xlpm.ptstables <> "")), _xlpm.coef, _xlpm.K + _xlpm.Knewgain / (_xlpm.Knewscale + _xlpm.nbparties), IF(AB19="", "", _xlpm.coef * (AB19-AB20)) )} | AC21: {=_xlfn.LET( _xlpm.K, Constantes!$B$3, _xlpm.Knewgain, Constantes!$B$4, _xlpm.Knewscale, Constantes!$B$5, _xlpm.ptstables, INDEX(AC:AC, _xlfn.SEQUENCE(COUNTA($C$2:$C21), 1, 3, 4)), _xlpm.nbparties, COUNTA(_xlfn._xlws.FILTER(_xlpm.ptstables, _xlpm.ptstables <> "")), _xlpm.coef, _xlpm.K + _xlpm.Knewgain / (_xlpm.Knewscale + _xlpm.nbparties), IF(AC19="", "", _xlpm.coef * (AC19-AC20)) )} | AD21: {=_xlfn.LET( _xlpm.K, Constantes!$B$3, _xlpm.Knewgain, Constantes!$B$4, _xlpm.Knewscale, Constantes!$B$5, _xlpm.ptstables, INDEX(AD:AD, _xlfn.SEQUENCE(COUNTA($C$2:$C21), 1, 3, 4)), _xlpm.nbparties, COUNTA(_xlfn._xlws.FILTER(_xlpm.ptstables, _xlpm.ptstables <> "")), _xlpm.coef, _xlpm.K + _xlpm.Knewgain / (_xlpm.Knewscale + _xlpm.nbparties), IF(AD19="", "", _xlpm.coef * (AD19-AD20)) )} | AE21: {=_xlfn.LET( _xlpm.K, Constantes!$B$3, _xlpm.Knewgain, Constantes!$B$4, _xlpm.Knewscale, Constantes!$B$5, _xlpm.ptstables, INDEX(AE:AE, _xlfn.SEQUENCE(COUNTA($C$2:$C21), 1, 3, 4)), _xlpm.nbparties, COUNTA(_xlfn._xlws.FILTER(_xlpm.ptstables, _xlpm.ptstables <> "")), _xlpm.coef, _xlpm.K + _xlpm.Knewgain / (_xlpm.Knewscale + _xlpm.nbparties), IF(AE19="", "", _xlpm.coef * (AE19-AE20)) )} | AF21: {=_xlfn.LET( _xlpm.K, Constantes!$B$3, _xlpm.Knewgain, Constantes!$B$4, _xlpm.Knewscale, Constantes!$B$5, _xlpm.ptstables, INDEX(AF:AF, _xlfn.SEQUENCE(COUNTA($C$2:$C21), 1, 3, 4)), _xlpm.nbparties, COUNTA(_xlfn._xlws.FILTER(_xlpm.ptstables, _xlpm.ptstables <> "")), _xlpm.coef, _xlpm.K + _xlpm.Knewgain / (_xlpm.Knewscale + _xlpm.nbparties), IF(AF19="", "", _xlpm.coef * (AF19-AF20)) )} | AG21: {=_xlfn.LET( _xlpm.K, Constantes!$B$3, _xlpm.Knewgain, Constantes!$B$4, _xlpm.Knewscale, Constantes!$B$5, _xlpm.ptstables, INDEX(AG:AG, _xlfn.SEQUENCE(COUNTA($C$2:$C21), 1, 3, 4)), _xlpm.nbparties, COUNTA(_xlfn._xlws.FILTER(_xlpm.ptstables, _xlpm.ptstables <> "")), _xlpm.coef, _xlpm.K + _xlpm.Knewgain / (_xlpm.Knewscale + _xlpm.nbparties), IF(AG19="", "", _xlpm.coef * (AG19-AG20)) )} | AH21: {=_xlfn.LET( _xlpm.K, Constantes!$B$3, _xlpm.Knewgain, Constantes!$B$4, _xlpm.Knewscale, Constantes!$B$5, _xlpm.ptstables, INDEX(AH:AH, _xlfn.SEQUENCE(COUNTA($C$2:$C21), 1, 3, 4)), _xlpm.nbparties, COUNTA(_xlfn._xlws.FILTER(_xlpm.ptstables, _xlpm.ptstables <> "")), _xlpm.coef, _xlpm.K + _xlpm.Knewgain / (_xlpm.Knewscale + _xlpm.nbparties), IF(AH19="", "", _xlpm.coef * (AH19-AH20)) )} | AI21: {=_xlfn.LET( _xlpm.K, Constantes!$B$3, _xlpm.Knewgain, Constantes!$B$4, _xlpm.Knewscale, Constantes!$B$5, _xlpm.ptstables, INDEX(AI:AI, _xlfn.SEQUENCE(COUNTA($C$2:$C21), 1, 3, 4)), _xlpm.nbparties, COUNTA(_xlfn._xlws.FILTER(_xlpm.ptstables, _xlpm.ptstables <> "")), _xlpm.coef, _xlpm.K + _xlpm.Knewgain / (_xlpm.Knewscale + _xlpm.nbparties), IF(AI19="", "", _xlpm.coef * (AI19-AI20)) )} | AJ21: {=_xlfn.LET( _xlpm.K, Constantes!$B$3, _xlpm.Knewgain, Constantes!$B$4, _xlpm.Knewscale, Constantes!$B$5, _xlpm.ptstables, INDEX(AJ:AJ, _xlfn.SEQUENCE(COUNTA($C$2:$C21), 1, 3, 4)), _xlpm.nbparties, COUNTA(_xlfn._xlws.FILTER(_xlpm.ptstables, _xlpm.ptstables <> "")), _xlpm.coef, _xlpm.K + _xlpm.Knewgain / (_xlpm.Knewscale + _xlpm.nbparties), IF(AJ19="", "", _xlpm.coef * (AJ19-AJ20)) )} | AK21: {=_xlfn.LET( _xlpm.K, Constantes!$B$3, _xlpm.Knewgain, Constantes!$B$4, _xlpm.Knewscale, Constantes!$B$5, _xlpm.ptstables, INDEX(AK:AK, _xlfn.SEQUENCE(COUNTA($C$2:$C21), 1, 3, 4)), _xlpm.nbparties, COUNTA(_xlfn._xlws.FILTER(_xlpm.ptstables, _xlpm.ptstables <> "")), _xlpm.coef, _xlpm.K + _xlpm.Knewgain / (_xlpm.Knewscale + _xlpm.nbparties), IF(AK19="", "", _xlpm.coef * (AK19-AK20)) )} | AL21: {=_xlfn.LET( _xlpm.K, Constantes!$B$3, _xlpm.Knewgain, Constantes!$B$4, _xlpm.Knewscale, Constantes!$B$5, _xlpm.ptstables, INDEX(AL:AL, _xlfn.SEQUENCE(COUNTA($C$2:$C21), 1, 3, 4)), _xlpm.nbparties, COUNTA(_xlfn._xlws.FILTER(_xlpm.ptstables, _xlpm.ptstables <> "")), _xlpm.coef, _xlpm.K + _xlpm.Knewgain / (_xlpm.Knewscale + _xlpm.nbparties), IF(AL19="", "", _xlpm.coef * (AL19-AL20)) )} | AM21: {=_xlfn.LET( _xlpm.K, Constantes!$B$3, _xlpm.Knewgain, Constantes!$B$4, _xlpm.Knewscale, Constantes!$B$5, _xlpm.ptstables, INDEX(AM:AM, _xlfn.SEQUENCE(COUNTA($C$2:$C21), 1, 3, 4)), _xlpm.nbparties, COUNTA(_xlfn._xlws.FILTER(_xlpm.ptstables, _xlpm.ptstables <> "")), _xlpm.coef, _xlpm.K + _xlpm.Knewgain / (_xlpm.Knewscale + _xlpm.nbparties), IF(AM19="", "", _xlpm.coef * (AM19-AM20)) )}
A22: Elo points | B22: {=IFERROR(_xlfn.LET( _xlpm.cola, INDEX(Donnees!F:F, _xlfn.SEQUENCE(COUNTA(Donnees!F:F), 1, 2, 4)), _xlpm.colb, INDEX(Donnees!F:F, _xlfn.SEQUENCE(COUNTA(Donnees!F:F), 1, 1, 4)), _xlpm.tab, _xlfn._xlws.FILTER(CHOOSE({1,2}, _xlpm.cola, _xlpm.colb), (_xlpm.cola<>"")*(_xlpm.colb<>"")), _xlpm.tri, _xlfn._xlws.SORT(_xlpm.tab), INDEX(_xlpm.tri, (ROW()+2)/4, 2) ), "")} -> Partie 6 | C22: {=IF(B22="","", INDEX(Donnees!F:F, MATCH(B22, Donnees!F:F, 0)+1))} -> 45906.589 | D22: =D18+IF(D21="",0,D21) -> 1007.6013 | E22: =E18+IF(E21="",0,E21) -> 1159.0716 | F22: =F18+IF(F21="",0,F21) -> 921.01915 | G22: =G18+IF(G21="",0,G21) -> 1069.7994 | H22: =H18+IF(H21="",0,H21) -> 988.49033 | I22: =I18+IF(I21="",0,I21) -> 1016.6477 | J22: =J18+IF(J21="",0,J21) -> 949.17582 | K22: =K18+IF(K21="",0,K21) -> 914.47578 | ... AM22: =AM18+IF(AM21="",0,AM21) -> 1000
A23: Table points | D23: {=IFERROR( _xlfn.LET( _xlpm.ligpartie, MATCH($B22, Donnees!$F:$F, 0), _xlpm.joueurs, INDEX(Donnees!$A:$Z, _xlpm.ligpartie+1, _xlfn.SEQUENCE(1, 4, 2)), INDEX( Donnees!$A:$Z, _xlpm.ligpartie + 3, MATCH(D$1, _xlpm.joueurs, 0) + 1 ) ), "" )} | E23: {=IFERROR( _xlfn.LET( _xlpm.ligpartie, MATCH($B22, Donnees!$F:$F, 0), _xlpm.joueurs, INDEX(Donnees!$A:$Z, _xlpm.ligpartie+1, _xlfn.SEQUENCE(1, 4, 2)), INDEX( Donnees!$A:$Z, _xlpm.ligpartie + 3, MATCH(E$1, _xlpm.joueurs, 0) + 1 ) ), "" )} | F23: {=IFERROR( _xlfn.LET( _xlpm.ligpartie, MATCH($B22, Donnees!$F:$F, 0), _xlpm.joueurs, INDEX(Donnees!$A:$Z, _xlpm.ligpartie+1, _xlfn.SEQUENCE(1, 4, 2)), INDEX( Donnees!$A:$Z, _xlpm.ligpartie + 3, MATCH(F$1, _xlpm.joueurs, 0) + 1 ) ), "" )} -> 2 | G23: {=IFERROR( _xlfn.LET( _xlpm.ligpartie, MATCH($B22, Donnees!$F:$F, 0), _xlpm.joueurs, INDEX(Donnees!$A:$Z, _xlpm.ligpartie+1, _xlfn.SEQUENCE(1, 4, 2)), INDEX( Donnees!$A:$Z, _xlpm.ligpartie + 3, MATCH(G$1, _xlpm.joueurs, 0) + 1 ) ), "" )} | H23: {=IFERROR( _xlfn.LET( _xlpm.ligpartie, MATCH($B22, Donnees!$F:$F, 0), _xlpm.joueurs, INDEX(Donnees!$A:$Z, _xlpm.ligpartie+1, _xlfn.SEQUENCE(1, 4, 2)), INDEX( Donnees!$A:$Z, _xlpm.ligpartie + 3, MATCH(H$1, _xlpm.joueurs, 0) + 1 ) ), "" )} | I23: {=IFERROR( _xlfn.LET( _xlpm.ligpartie, MATCH($B22, Donnees!$F:$F, 0), _xlpm.joueurs, INDEX(Donnees!$A:$Z, _xlpm.ligpartie+1, _xlfn.SEQUENCE(1, 4, 2)), INDEX( Donnees!$A:$Z, _xlpm.ligpartie + 3, MATCH(I$1, _xlpm.joueurs, 0) + 1 ) ), "" )} | J23: {=IFERROR( _xlfn.LET( _xlpm.ligpartie, MATCH($B22, Donnees!$F:$F, 0), _xlpm.joueurs, INDEX(Donnees!$A:$Z, _xlpm.ligpartie+1, _xlfn.SEQUENCE(1, 4, 2)), INDEX( Donnees!$A:$Z, _xlpm.ligpartie + 3, MATCH(J$1, _xlpm.joueurs, 0) + 1 ) ), "" )} | K23: {=IFERROR( _xlfn.LET( _xlpm.ligpartie, MATCH($B22, Donnees!$F:$F, 0), _xlpm.joueurs, INDEX(Donnees!$A:$Z, _xlpm.ligpartie+1, _xlfn.SEQUENCE(1, 4, 2)), INDEX( Donnees!$A:$Z, _xlpm.ligpartie + 3, MATCH(K$1, _xlpm.joueurs, 0) + 1 ) ), "" )} | ... AM23: {=IFERROR( _xlfn.LET( _xlpm.ligpartie, MATCH($B22, Donnees!$F:$F, 0), _xlpm.joueurs, INDEX(Donnees!$A:$Z, _xlpm.ligpartie+1, _xlfn.SEQUENCE(1, 4, 2)), INDEX( Donnees!$A:$Z, _xlpm.ligpartie + 3, MATCH(AM$1, _xlpm.joueurs, 0) + 1 ) ), "" )}
A24: Awaited perf | D24: {=_xlfn.LET( _xlpm.colj, _xlfn._xlws.FILTER(IF(ISNUMBER(23:23), COLUMN(23:23)), ISNUMBER(23:23)), _xlpm.elos, INDEX(22:22,1,_xlpm.colj), _xlpm.diffscale, Constantes!$B$2, IF(D23="", "", SUM(1/(1+POWER(10,-(D22-_xlpm.elos)/_xlpm.diffscale)))-0.5) )} | E24: {=_xlfn.LET( _xlpm.colj, _xlfn._xlws.FILTER(IF(ISNUMBER(23:23), COLUMN(23:23)), ISNUMBER(23:23)), _xlpm.elos, INDEX(22:22,1,_xlpm.colj), _xlpm.diffscale, Constantes!$B$2, IF(E23="", "", SUM(1/(1+POWER(10,-(E22-_xlpm.elos)/_xlpm.diffscale)))-0.5) )} | F24: {=_xlfn.LET( _xlpm.colj, _xlfn._xlws.FILTER(IF(ISNUMBER(23:23), COLUMN(23:23)), ISNUMBER(23:23)), _xlpm.elos, INDEX(22:22,1,_xlpm.colj), _xlpm.diffscale, Constantes!$B$2, IF(F23="", "", SUM(1/(1+POWER(10,-(F22-_xlpm.elos)/_xlpm.diffscale)))-0.5) )} -> 1.3292867 | G24: {=_xlfn.LET( _xlpm.colj, _xlfn._xlws.FILTER(IF(ISNUMBER(23:23), COLUMN(23:23)), ISNUMBER(23:23)), _xlpm.elos, INDEX(22:22,1,_xlpm.colj), _xlpm.diffscale, Constantes!$B$2, IF(G23="", "", SUM(1/(1+POWER(10,-(G22-_xlpm.elos)/_xlpm.diffscale)))-0.5) )} | H24: {=_xlfn.LET( _xlpm.colj, _xlfn._xlws.FILTER(IF(ISNUMBER(23:23), COLUMN(23:23)), ISNUMBER(23:23)), _xlpm.elos, INDEX(22:22,1,_xlpm.colj), _xlpm.diffscale, Constantes!$B$2, IF(H23="", "", SUM(1/(1+POWER(10,-(H22-_xlpm.elos)/_xlpm.diffscale)))-0.5) )} | I24: {=_xlfn.LET( _xlpm.colj, _xlfn._xlws.FILTER(IF(ISNUMBER(23:23), COLUMN(23:23)), ISNUMBER(23:23)), _xlpm.elos, INDEX(22:22,1,_xlpm.colj), _xlpm.diffscale, Constantes!$B$2, IF(I23="", "", SUM(1/(1+POWER(10,-(I22-_xlpm.elos)/_xlpm.diffscale)))-0.5) )} | J24: {=_xlfn.LET( _xlpm.colj, _xlfn._xlws.FILTER(IF(ISNUMBER(23:23), COLUMN(23:23)), ISNUMBER(23:23)), _xlpm.elos, INDEX(22:22,1,_xlpm.colj), _xlpm.diffscale, Constantes!$B$2, IF(J23="", "", SUM(1/(1+POWER(10,-(J22-_xlpm.elos)/_xlpm.diffscale)))-0.5) )} | K24: {=_xlfn.LET( _xlpm.colj, _xlfn._xlws.FILTER(IF(ISNUMBER(23:23), COLUMN(23:23)), ISNUMBER(23:23)), _xlpm.elos, INDEX(22:22,1,_xlpm.colj), _xlpm.diffscale, Constantes!$B$2, IF(K23="", "", SUM(1/(1+POWER(10,-(K22-_xlpm.elos)/_xlpm.diffscale)))-0.5) )} | ... AM24: {=_xlfn.LET( _xlpm.colj, _xlfn._xlws.FILTER(IF(ISNUMBER(23:23), COLUMN(23:23)), ISNUMBER(23:23)), _xlpm.elos, INDEX(22:22,1,_xlpm.colj), _xlpm.diffscale, Constantes!$B$2, IF(AM23="", "", SUM(1/(1+POWER(10,-(AM22-_xlpm.elos)/_xlpm.diffscale)))-0.5) )}
